Time,T600,A1,B1,C1,D1,E1,F1,G1,H1,A2,B2,C2,D2,E2,F2,G2,H2,A3,B3,C3,D3,E3,F3,G3,H3,A4,B4,C4,D4,E4,F4,G4,H4,A5,B5,C5,D5,E5,F5,G5,H5,A6,B6,C6,D6,E6,F6,G6,H6,A7,B7,C7,D7,E7,F7,G7,H7,A8,B8,C8,D8,E8,F8,G8,H8,A9,B9,C9,D9,E9,F9,G9,H9,A10,B10,C10,D10,E10,F10,G10,H10,A11,B11,C11,D11,E11,F11,G11,H11,A12,B12,C12,D12,E12,F12,G12,H12
0:01:02,28.5,0.184,0.18,0.176,0.167,0.171,0.178,0.183,0.167,0.184,0.185,0.172,0.169,0.172,0.176,0.173,0.173,0.108,0.187,0.176,0.167,0.177,0.177,0.178,0.169,0.181,0.191,0.176,0.165,0.175,0.177,0.186,0.174,0.177,0.193,0.18,0.17,0.174,0.178,0.173,0.172,0.179,0.192,0.176,0.164,0.169,0.177,0.174,0.18,0.18,0.181,0.175,0.165,0.175,0.175,0.178,0.169,0.179,0.184,0.179,0.166,0.173,0.174,0.166,0.176,0.109,0.182,0.174,0.167,0.17,0.173,0.177,0.176,0.182,0.186,0.179,0.167,0.172,0.17,0.175,0.171,0.189,0.183,0.176,0.169,0.173,0.174,0.175,0.181,0.174,0.19,0.172,0.169,0.167,0.175,0.173,0.176
0:16:02,37,0.192,0.181,0.181,0.168,0.175,0.178,0.186,0.172,0.193,0.185,0.176,0.168,0.175,0.176,0.177,0.176,0.108,0.188,0.18,0.165,0.181,0.176,0.181,0.175,0.186,0.192,0.179,0.164,0.178,0.175,0.191,0.177,0.183,0.192,0.187,0.17,0.178,0.177,0.177,0.176,0.185,0.193,0.18,0.164,0.172,0.176,0.177,0.184,0.185,0.182,0.181,0.164,0.177,0.175,0.182,0.172,0.185,0.185,0.183,0.166,0.177,0.176,0.169,0.179,0.11,0.183,0.179,0.166,0.176,0.172,0.181,0.179,0.188,0.186,0.181,0.167,0.175,0.17,0.18,0.175,0.191,0.185,0.179,0.169,0.177,0.173,0.18,0.184,0.179,0.191,0.176,0.169,0.17,0.174,0.176,0.181
0:31:02,37,0.207,0.185,0.194,0.17,0.186,0.179,0.2,0.183,0.204,0.189,0.189,0.169,0.183,0.178,0.188,0.188,0.108,0.192,0.193,0.166,0.19,0.178,0.193,0.185,0.2,0.194,0.191,0.165,0.188,0.177,0.203,0.189,0.198,0.196,0.199,0.17,0.187,0.178,0.187,0.187,0.199,0.196,0.192,0.163,0.182,0.177,0.188,0.196,0.199,0.184,0.192,0.164,0.186,0.176,0.193,0.183,0.2,0.186,0.195,0.168,0.185,0.177,0.179,0.191,0.11,0.185,0.19,0.166,0.185,0.172,0.193,0.188,0.201,0.188,0.192,0.168,0.183,0.17,0.19,0.185,0.204,0.186,0.191,0.17,0.186,0.173,0.191,0.195,0.194,0.192,0.189,0.17,0.18,0.176,0.187,0.193
0:46:02,37,0.225,0.196,0.211,0.17,0.201,0.182,0.216,0.2,0.221,0.199,0.205,0.171,0.198,0.181,0.204,0.204,0.107,0.202,0.21,0.168,0.205,0.18,0.212,0.2,0.22,0.203,0.21,0.167,0.203,0.179,0.229,0.206,0.216,0.205,0.217,0.172,0.202,0.18,0.203,0.203,0.217,0.205,0.214,0.165,0.198,0.179,0.205,0.213,0.216,0.187,0.208,0.165,0.2,0.177,0.21,0.198,0.218,0.19,0.214,0.169,0.199,0.178,0.194,0.207,0.11,0.187,0.206,0.168,0.2,0.174,0.21,0.2,0.221,0.191,0.207,0.169,0.197,0.172,0.206,0.2,0.225,0.192,0.207,0.171,0.202,0.175,0.211,0.211,0.214,0.2,0.208,0.176,0.198,0.181,0.207,0.209
1:01:02,37,0.246,0.212,0.232,0.173,0.22,0.187,0.237,0.22,0.242,0.215,0.224,0.174,0.216,0.185,0.222,0.224,0.107,0.218,0.231,0.171,0.224,0.185,0.233,0.218,0.241,0.218,0.229,0.169,0.222,0.183,0.25,0.225,0.238,0.22,0.236,0.174,0.219,0.183,0.222,0.222,0.239,0.22,0.236,0.167,0.216,0.183,0.225,0.232,0.238,0.191,0.228,0.167,0.217,0.179,0.231,0.216,0.24,0.193,0.234,0.171,0.218,0.18,0.214,0.225,0.112,0.191,0.226,0.169,0.22,0.176,0.23,0.215,0.241,0.194,0.225,0.171,0.214,0.173,0.223,0.218,0.245,0.198,0.225,0.172,0.22,0.177,0.226,0.229,0.234,0.205,0.226,0.18,0.216,0.186,0.226,0.227
1:16:02,37,0.272,0.23,0.255,0.177,0.24,0.193,0.259,0.241,0.268,0.234,0.246,0.177,0.237,0.191,0.243,0.246,0.106,0.237,0.254,0.174,0.245,0.191,0.255,0.24,0.265,0.235,0.249,0.172,0.24,0.188,0.271,0.246,0.262,0.236,0.258,0.177,0.238,0.188,0.242,0.242,0.263,0.237,0.257,0.17,0.235,0.187,0.246,0.253,0.26,0.194,0.25,0.168,0.236,0.181,0.253,0.236,0.264,0.197,0.256,0.172,0.237,0.182,0.234,0.246,0.113,0.194,0.247,0.171,0.238,0.178,0.252,0.231,0.261,0.197,0.244,0.172,0.231,0.175,0.242,0.236,0.265,0.202,0.243,0.174,0.237,0.178,0.245,0.248,0.255,0.209,0.245,0.18,0.233,0.188,0.245,0.246
1:31:02,37,0.305,0.252,0.283,0.182,0.266,0.201,0.287,0.267,0.301,0.256,0.274,0.183,0.262,0.2,0.269,0.273,0.106,0.26,0.282,0.179,0.27,0.199,0.282,0.267,0.294,0.255,0.273,0.176,0.263,0.195,0.297,0.271,0.289,0.256,0.283,0.182,0.26,0.194,0.267,0.267,0.291,0.258,0.281,0.174,0.257,0.193,0.271,0.279,0.288,0.197,0.275,0.169,0.258,0.182,0.277,0.26,0.291,0.2,0.28,0.174,0.26,0.183,0.256,0.272,0.113,0.197,0.272,0.172,0.26,0.179,0.277,0.247,0.283,0.2,0.264,0.173,0.248,0.176,0.264,0.257,0.289,0.204,0.265,0.175,0.256,0.179,0.267,0.271,0.278,0.211,0.265,0.181,0.252,0.189,0.267,0.268
1:46:02,37,0.346,0.278,0.319,0.188,0.298,0.211,0.32,0.299,0.342,0.282,0.309,0.189,0.294,0.209,0.301,0.306,0.106,0.287,0.317,0.185,0.301,0.21,0.315,0.299,0.331,0.279,0.302,0.182,0.289,0.203,0.33,0.301,0.326,0.279,0.313,0.187,0.286,0.202,0.294,0.295,0.327,0.283,0.309,0.18,0.283,0.201,0.3,0.309,0.321,0.2,0.304,0.171,0.285,0.184,0.309,0.288,0.324,0.203,0.308,0.175,0.286,0.185,0.283,0.302,0.113,0.2,0.301,0.173,0.285,0.18,0.308,0.265,0.31,0.202,0.289,0.174,0.268,0.177,0.29,0.28,0.317,0.206,0.289,0.176,0.277,0.181,0.293,0.296,0.307,0.213,0.289,0.181,0.274,0.189,0.293,0.295
2:01:02,37,0.397,0.311,0.362,0.197,0.338,0.224,0.363,0.34,0.393,0.317,0.352,0.198,0.334,0.222,0.341,0.348,0.106,0.322,0.359,0.193,0.341,0.223,0.354,0.338,0.372,0.308,0.337,0.189,0.321,0.213,0.369,0.336,0.366,0.308,0.348,0.195,0.319,0.21,0.329,0.329,0.368,0.313,0.344,0.187,0.315,0.21,0.336,0.344,0.36,0.203,0.339,0.172,0.316,0.185,0.345,0.323,0.364,0.206,0.343,0.176,0.317,0.186,0.315,0.338,0.113,0.203,0.336,0.175,0.316,0.182,0.346,0.285,0.34,0.203,0.317,0.175,0.291,0.178,0.32,0.306,0.348,0.208,0.32,0.177,0.303,0.182,0.324,0.325,0.34,0.214,0.318,0.182,0.3,0.189,0.324,0.327
2:16:02,36.9,0.451,0.353,0.414,0.207,0.387,0.239,0.414,0.389,0.446,0.358,0.403,0.208,0.381,0.237,0.389,0.394,0.106,0.365,0.41,0.203,0.387,0.238,0.404,0.382,0.42,0.344,0.378,0.198,0.359,0.225,0.412,0.377,0.413,0.342,0.391,0.203,0.357,0.221,0.367,0.368,0.414,0.35,0.384,0.196,0.352,0.222,0.377,0.385,0.405,0.206,0.382,0.173,0.353,0.186,0.389,0.362,0.409,0.209,0.387,0.177,0.354,0.187,0.352,0.38,0.113,0.205,0.379,0.176,0.351,0.183,0.39,0.308,0.375,0.206,0.351,0.176,0.318,0.179,0.355,0.338,0.386,0.21,0.355,0.178,0.333,0.182,0.36,0.359,0.378,0.216,0.354,0.182,0.331,0.189,0.36,0.364
2:31:02,37,0.51,0.404,0.469,0.22,0.439,0.258,0.466,0.442,0.504,0.409,0.457,0.221,0.433,0.256,0.438,0.443,0.106,0.417,0.464,0.216,0.439,0.257,0.455,0.431,0.472,0.385,0.425,0.208,0.404,0.239,0.458,0.42,0.465,0.382,0.438,0.213,0.4,0.235,0.409,0.411,0.467,0.392,0.432,0.205,0.394,0.24,0.423,0.429,0.454,0.209,0.429,0.175,0.398,0.187,0.437,0.409,0.459,0.211,0.431,0.179,0.399,0.188,0.397,0.425,0.112,0.208,0.426,0.177,0.393,0.184,0.441,0.334,0.412,0.208,0.39,0.177,0.35,0.179,0.395,0.373,0.427,0.211,0.395,0.179,0.367,0.183,0.399,0.397,0.421,0.217,0.393,0.182,0.365,0.189,0.399,0.406
2:46:02,37,0.574,0.458,0.527,0.236,0.493,0.28,0.527,0.498,0.567,0.464,0.515,0.237,0.487,0.28,0.494,0.499,0.106,0.472,0.521,0.232,0.493,0.282,0.514,0.481,0.526,0.433,0.475,0.218,0.451,0.256,0.508,0.468,0.519,0.429,0.489,0.224,0.446,0.25,0.453,0.455,0.519,0.443,0.482,0.216,0.441,0.249,0.469,0.474,0.505,0.211,0.48,0.175,0.446,0.188,0.491,0.459,0.51,0.213,0.479,0.18,0.446,0.189,0.445,0.474,0.112,0.21,0.477,0.178,0.438,0.185,0.495,0.363,0.458,0.21,0.433,0.178,0.385,0.18,0.438,0.41,0.476,0.212,0.44,0.18,0.406,0.184,0.443,0.436,0.47,0.219,0.437,0.182,0.405,0.189,0.442,0.448
3:01:02,37,0.602,0.517,0.59,0.256,0.553,0.308,0.596,0.558,0.599,0.523,0.576,0.257,0.545,0.309,0.561,0.534,0.106,0.532,0.582,0.251,0.551,0.311,0.581,0.516,0.584,0.485,0.522,0.23,0.499,0.275,0.557,0.513,0.573,0.478,0.539,0.236,0.496,0.267,0.497,0.5,0.581,0.495,0.529,0.228,0.489,0.266,0.51,0.519,0.559,0.214,0.534,0.177,0.496,0.189,0.549,0.512,0.564,0.216,0.53,0.181,0.496,0.19,0.497,0.527,0.111,0.212,0.53,0.18,0.488,0.187,0.556,0.394,0.499,0.211,0.477,0.179,0.424,0.181,0.482,0.449,0.521,0.214,0.485,0.181,0.45,0.185,0.489,0.477,0.514,0.22,0.481,0.182,0.448,0.189,0.485,0.494
3:16:02,37,0.615,0.583,0.598,0.282,0.602,0.344,0.608,0.577,0.612,0.589,0.59,0.281,0.596,0.345,0.575,0.554,0.106,0.6,0.597,0.274,0.605,0.349,0.585,0.53,0.635,0.533,0.562,0.241,0.543,0.296,0.598,0.551,0.626,0.53,0.575,0.248,0.54,0.286,0.535,0.541,0.626,0.547,0.569,0.24,0.533,0.285,0.55,0.561,0.595,0.216,0.589,0.177,0.551,0.19,0.613,0.571,0.591,0.218,0.585,0.182,0.55,0.191,0.553,0.569,0.111,0.214,0.587,0.181,0.54,0.188,0.622,0.43,0.539,0.213,0.518,0.18,0.465,0.181,0.519,0.484,0.563,0.215,0.528,0.182,0.493,0.185,0.526,0.514,0.556,0.221,0.52,0.182,0.49,0.189,0.521,0.535
3:31:02,37,0.631,0.592,0.61,0.311,0.607,0.384,0.622,0.593,0.627,0.598,0.602,0.31,0.602,0.387,0.591,0.572,0.105,0.61,0.608,0.304,0.608,0.39,0.597,0.547,0.668,0.58,0.595,0.253,0.583,0.317,0.634,0.586,0.659,0.57,0.609,0.261,0.582,0.306,0.566,0.581,0.656,0.595,0.602,0.252,0.575,0.305,0.584,0.604,0.605,0.218,0.61,0.178,0.606,0.191,0.627,0.596,0.604,0.22,0.602,0.182,0.604,0.192,0.569,0.581,0.111,0.217,0.607,0.182,0.594,0.189,0.632,0.469,0.579,0.214,0.557,0.18,0.504,0.181,0.555,0.513,0.604,0.216,0.567,0.182,0.532,0.186,0.563,0.547,0.596,0.222,0.557,0.182,0.529,0.189,0.555,0.57
3:46:02,37,0.645,0.61,0.62,0.347,0.619,0.429,0.636,0.608,0.641,0.614,0.613,0.346,0.616,0.433,0.604,0.587,0.105,0.627,0.619,0.339,0.622,0.437,0.609,0.56,0.666,0.619,0.625,0.264,0.624,0.342,0.644,0.617,0.659,0.613,0.635,0.272,0.621,0.329,0.592,0.612,0.654,0.636,0.626,0.264,0.614,0.328,0.592,0.642,0.621,0.221,0.621,0.179,0.611,0.192,0.645,0.611,0.618,0.223,0.611,0.183,0.608,0.193,0.585,0.598,0.111,0.218,0.619,0.182,0.597,0.189,0.652,0.509,0.614,0.216,0.591,0.181,0.54,0.182,0.585,0.539,0.633,0.218,0.602,0.183,0.57,0.186,0.592,0.577,0.626,0.223,0.592,0.183,0.566,0.19,0.586,0.579
4:01:02,37,0.656,0.625,0.632,0.389,0.631,0.476,0.649,0.621,0.653,0.629,0.625,0.388,0.629,0.48,0.618,0.604,0.105,0.642,0.631,0.38,0.635,0.485,0.62,0.572,0.661,0.652,0.628,0.276,0.654,0.365,0.643,0.637,0.656,0.644,0.641,0.284,0.651,0.35,0.588,0.62,0.653,0.67,0.632,0.274,0.646,0.351,0.594,0.643,0.632,0.223,0.636,0.18,0.625,0.192,0.663,0.627,0.63,0.225,0.621,0.184,0.623,0.194,0.599,0.612,0.111,0.221,0.632,0.183,0.607,0.19,0.67,0.552,0.633,0.217,0.619,0.181,0.574,0.183,0.605,0.559,0.644,0.219,0.628,0.184,0.603,0.187,0.609,0.598,0.633,0.225,0.618,0.183,0.597,0.19,0.606,0.581
4:16:02,37,0.668,0.638,0.643,0.435,0.642,0.526,0.662,0.634,0.664,0.643,0.636,0.432,0.64,0.53,0.632,0.619,0.105,0.656,0.641,0.424,0.646,0.536,0.63,0.585,0.658,0.671,0.629,0.284,0.662,0.39,0.641,0.625,0.652,0.669,0.649,0.294,0.656,0.373,0.583,0.612,0.652,0.687,0.635,0.283,0.652,0.374,0.592,0.637,0.648,0.225,0.65,0.181,0.638,0.193,0.679,0.642,0.646,0.227,0.63,0.185,0.635,0.194,0.612,0.626,0.11,0.223,0.646,0.184,0.615,0.191,0.687,0.6,0.628,0.218,0.634,0.182,0.604,0.183,0.606,0.573,0.636,0.22,0.636,0.184,0.634,0.187,0.612,0.612,0.625,0.226,0.623,0.184,0.627,0.191,0.61,0.586
4:31:02,37,0.679,0.652,0.655,0.482,0.653,0.575,0.676,0.646,0.675,0.656,0.649,0.477,0.653,0.573,0.646,0.635,0.105,0.67,0.654,0.467,0.659,0.576,0.64,0.597,0.651,0.669,0.628,0.292,0.664,0.412,0.639,0.616,0.647,0.675,0.647,0.302,0.659,0.394,0.578,0.607,0.645,0.687,0.634,0.291,0.652,0.395,0.589,0.633,0.659,0.227,0.663,0.182,0.654,0.194,0.695,0.655,0.658,0.229,0.639,0.186,0.648,0.195,0.624,0.639,0.11,0.225,0.659,0.184,0.626,0.192,0.704,0.646,0.616,0.22,0.632,0.183,0.628,0.183,0.596,0.578,0.632,0.221,0.633,0.185,0.641,0.188,0.598,0.611,0.622,0.227,0.621,0.184,0.639,0.191,0.596,0.591
4:46:02,37,0.691,0.665,0.666,0.531,0.665,0.577,0.689,0.658,0.687,0.669,0.661,0.523,0.665,0.578,0.661,0.651,0.105,0.683,0.666,0.513,0.673,0.583,0.65,0.61,0.643,0.665,0.622,0.298,0.663,0.432,0.634,0.61,0.636,0.672,0.645,0.309,0.657,0.411,0.572,0.602,0.638,0.683,0.626,0.298,0.653,0.413,0.585,0.626,0.67,0.229,0.675,0.183,0.668,0.194,0.711,0.667,0.668,0.231,0.648,0.186,0.664,0.195,0.635,0.653,0.109,0.226,0.671,0.186,0.638,0.192,0.719,0.646,0.596,0.221,0.628,0.183,0.636,0.184,0.588,0.563,0.617,0.222,0.629,0.185,0.639,0.188,0.588,0.594,0.605,0.227,0.616,0.185,0.637,0.192,0.587,0.595
5:01:02,37,0.701,0.68,0.68,0.568,0.678,0.59,0.704,0.671,0.697,0.683,0.674,0.561,0.678,0.591,0.675,0.669,0.105,0.698,0.678,0.555,0.686,0.596,0.661,0.622,0.642,0.663,0.616,0.304,0.664,0.454,0.632,0.603,0.634,0.668,0.665,0.315,0.658,0.433,0.568,0.597,0.638,0.681,0.623,0.304,0.654,0.435,0.582,0.619,0.681,0.231,0.687,0.183,0.68,0.195,0.727,0.678,0.68,0.233,0.656,0.187,0.677,0.196,0.646,0.663,0.109,0.229,0.683,0.186,0.647,0.193,0.735,0.656,0.601,0.222,0.625,0.184,0.639,0.184,0.581,0.551,0.616,0.223,0.626,0.186,0.64,0.189,0.581,0.587,0.605,0.229,0.611,0.186,0.636,0.193,0.579,0.595
5:16:02,37,0.711,0.694,0.692,0.575,0.69,0.601,0.716,0.683,0.708,0.697,0.686,0.565,0.692,0.603,0.69,0.673,0.105,0.712,0.691,0.558,0.7,0.608,0.671,0.635,0.638,0.653,0.61,0.309,0.663,0.473,0.629,0.595,0.629,0.66,0.638,0.319,0.658,0.449,0.56,0.591,0.632,0.674,0.617,0.309,0.653,0.452,0.578,0.614,0.691,0.233,0.699,0.184,0.692,0.196,0.741,0.69,0.689,0.235,0.665,0.188,0.691,0.197,0.657,0.674,0.109,0.231,0.695,0.187,0.656,0.193,0.75,0.668,0.585,0.224,0.619,0.184,0.633,0.184,0.574,0.541,0.603,0.224,0.62,0.186,0.638,0.189,0.573,0.575,0.593,0.23,0.603,0.186,0.635,0.193,0.571,0.597
5:31:02,37,0.721,0.708,0.704,0.588,0.704,0.614,0.731,0.695,0.718,0.711,0.698,0.575,0.705,0.615,0.704,0.67,0.105,0.726,0.703,0.569,0.713,0.62,0.681,0.638,0.636,0.644,0.603,0.311,0.661,0.487,0.625,0.588,0.626,0.653,0.641,0.323,0.656,0.463,0.548,0.587,0.629,0.668,0.612,0.312,0.652,0.466,0.576,0.609,0.701,0.236,0.712,0.185,0.705,0.196,0.756,0.701,0.698,0.236,0.673,0.189,0.702,0.198,0.668,0.685,0.109,0.233,0.708,0.188,0.665,0.194,0.764,0.68,0.588,0.225,0.615,0.184,0.632,0.185,0.565,0.531,0.603,0.225,0.616,0.187,0.635,0.19,0.566,0.564,0.592,0.231,0.598,0.187,0.629,0.193,0.562,0.595
5:46:02,37,0.732,0.722,0.717,0.6,0.716,0.625,0.745,0.708,0.728,0.726,0.711,0.584,0.719,0.627,0.711,0.667,0.105,0.741,0.715,0.578,0.726,0.632,0.691,0.636,0.632,0.635,0.598,0.313,0.661,0.499,0.622,0.582,0.621,0.646,0.637,0.324,0.654,0.475,0.537,0.582,0.623,0.661,0.606,0.314,0.651,0.478,0.572,0.603,0.711,0.238,0.723,0.186,0.717,0.197,0.769,0.711,0.708,0.238,0.681,0.189,0.716,0.198,0.679,0.696,0.108,0.234,0.72,0.188,0.674,0.195,0.777,0.691,0.584,0.226,0.608,0.185,0.628,0.185,0.559,0.522,0.6,0.225,0.61,0.187,0.634,0.19,0.559,0.559,0.587,0.231,0.59,0.187,0.629,0.194,0.553,0.593
6:01:02,37,0.729,0.73,0.729,0.611,0.728,0.638,0.742,0.72,0.727,0.733,0.723,0.592,0.731,0.639,0.709,0.668,0.105,0.749,0.727,0.587,0.74,0.645,0.701,0.634,0.627,0.627,0.589,0.314,0.66,0.511,0.615,0.578,0.617,0.641,0.619,0.325,0.653,0.486,0.528,0.578,0.619,0.658,0.599,0.315,0.65,0.489,0.568,0.599,0.72,0.24,0.734,0.186,0.729,0.197,0.782,0.722,0.718,0.24,0.689,0.19,0.727,0.199,0.688,0.708,0.108,0.236,0.732,0.189,0.682,0.195,0.791,0.7,0.585,0.227,0.6,0.185,0.627,0.186,0.551,0.515,0.595,0.226,0.603,0.188,0.632,0.19,0.55,0.552,0.585,0.232,0.581,0.188,0.627,0.194,0.543,0.591
6:16:02,37,0.723,0.725,0.727,0.623,0.741,0.651,0.738,0.712,0.721,0.728,0.723,0.6,0.74,0.652,0.706,0.67,0.105,0.743,0.728,0.596,0.748,0.658,0.711,0.634,0.624,0.621,0.584,0.316,0.658,0.522,0.609,0.57,0.613,0.637,0.636,0.327,0.653,0.497,0.518,0.571,0.614,0.656,0.592,0.316,0.649,0.498,0.562,0.592,0.729,0.242,0.746,0.187,0.741,0.198,0.779,0.732,0.73,0.242,0.697,0.19,0.74,0.199,0.698,0.71,0.108,0.238,0.743,0.19,0.691,0.196,0.792,0.707,0.582,0.227,0.593,0.185,0.623,0.186,0.542,0.507,0.594,0.227,0.597,0.188,0.629,0.191,0.542,0.545,0.583,0.233,0.575,0.188,0.622,0.194,0.535,0.588
6:31:02,37,0.72,0.721,0.723,0.635,0.735,0.663,0.733,0.708,0.717,0.724,0.718,0.608,0.736,0.666,0.702,0.671,0.105,0.74,0.723,0.603,0.744,0.672,0.704,0.633,0.62,0.615,0.579,0.314,0.658,0.531,0.605,0.561,0.607,0.632,0.611,0.326,0.653,0.505,0.508,0.562,0.61,0.651,0.59,0.315,0.647,0.506,0.555,0.585,0.729,0.245,0.75,0.187,0.753,0.199,0.776,0.742,0.727,0.244,0.705,0.191,0.752,0.2,0.706,0.707,0.108,0.241,0.747,0.19,0.698,0.196,0.79,0.714,0.577,0.228,0.587,0.185,0.619,0.187,0.534,0.499,0.587,0.228,0.59,0.188,0.627,0.191,0.533,0.537,0.576,0.233,0.565,0.188,0.619,0.194,0.526,0.584
6:46:02,37,0.717,0.718,0.718,0.647,0.729,0.677,0.728,0.705,0.714,0.721,0.713,0.616,0.731,0.678,0.699,0.672,0.105,0.737,0.718,0.612,0.74,0.686,0.699,0.633,0.614,0.61,0.574,0.313,0.656,0.537,0.598,0.552,0.603,0.628,0.613,0.325,0.65,0.512,0.499,0.555,0.605,0.65,0.584,0.315,0.646,0.515,0.547,0.578,0.725,0.247,0.747,0.188,0.757,0.199,0.773,0.746,0.722,0.247,0.712,0.192,0.755,0.201,0.7,0.705,0.108,0.243,0.744,0.191,0.707,0.197,0.788,0.72,0.574,0.229,0.582,0.185,0.616,0.187,0.525,0.49,0.582,0.228,0.587,0.189,0.623,0.192,0.525,0.53,0.571,0.234,0.562,0.188,0.617,0.195,0.516,0.578
7:01:02,37,0.716,0.715,0.715,0.66,0.725,0.689,0.725,0.703,0.713,0.717,0.711,0.625,0.729,0.69,0.698,0.673,0.105,0.733,0.716,0.621,0.739,0.699,0.695,0.633,0.61,0.605,0.567,0.312,0.656,0.535,0.589,0.543,0.6,0.623,0.614,0.324,0.649,0.518,0.489,0.546,0.601,0.646,0.579,0.314,0.645,0.52,0.54,0.57,0.723,0.249,0.742,0.189,0.754,0.2,0.77,0.743,0.719,0.249,0.72,0.193,0.752,0.202,0.697,0.703,0.108,0.246,0.739,0.192,0.716,0.197,0.786,0.727,0.566,0.23,0.576,0.186,0.609,0.188,0.517,0.481,0.576,0.229,0.581,0.189,0.619,0.192,0.517,0.523,0.564,0.234,0.552,0.188,0.614,0.195,0.508,0.576
7:16:02,37,0.713,0.712,0.713,0.673,0.723,0.702,0.722,0.701,0.711,0.715,0.708,0.633,0.728,0.704,0.696,0.674,0.105,0.73,0.713,0.63,0.737,0.711,0.691,0.633,0.603,0.6,0.564,0.312,0.654,0.531,0.581,0.532,0.594,0.617,0.606,0.323,0.649,0.518,0.479,0.537,0.595,0.641,0.575,0.313,0.644,0.514,0.533,0.562,0.72,0.252,0.738,0.19,0.75,0.201,0.768,0.739,0.716,0.251,0.721,0.193,0.748,0.203,0.694,0.701,0.108,0.248,0.736,0.193,0.724,0.198,0.783,0.733,0.56,0.23,0.572,0.186,0.606,0.188,0.509,0.472,0.57,0.229,0.576,0.189,0.615,0.193,0.508,0.514,0.558,0.234,0.547,0.188,0.61,0.195,0.5,0.574
7:31:02,37,0.71,0.71,0.711,0.687,0.721,0.715,0.72,0.698,0.708,0.713,0.707,0.643,0.727,0.713,0.696,0.674,0.104,0.728,0.711,0.639,0.737,0.718,0.689,0.633,0.596,0.594,0.561,0.31,0.654,0.529,0.575,0.525,0.587,0.61,0.597,0.322,0.648,0.514,0.471,0.528,0.589,0.637,0.572,0.312,0.644,0.513,0.526,0.554,0.719,0.255,0.737,0.191,0.747,0.201,0.768,0.738,0.716,0.254,0.716,0.194,0.745,0.204,0.692,0.702,0.108,0.251,0.734,0.193,0.729,0.199,0.782,0.738,0.553,0.231,0.566,0.186,0.604,0.188,0.503,0.465,0.563,0.23,0.572,0.189,0.614,0.193,0.501,0.505,0.55,0.235,0.544,0.189,0.607,0.196,0.493,0.57
7:46:02,37,0.707,0.708,0.709,0.701,0.719,0.71,0.718,0.696,0.704,0.711,0.705,0.652,0.726,0.707,0.694,0.674,0.104,0.726,0.709,0.649,0.736,0.712,0.686,0.632,0.589,0.587,0.556,0.308,0.653,0.525,0.569,0.516,0.581,0.605,0.596,0.319,0.646,0.512,0.462,0.52,0.585,0.632,0.567,0.31,0.642,0.508,0.52,0.546,0.718,0.258,0.737,0.191,0.745,0.202,0.767,0.736,0.715,0.257,0.713,0.195,0.744,0.205,0.691,0.7,0.108,0.254,0.734,0.194,0.725,0.199,0.781,0.743,0.545,0.231,0.562,0.186,0.6,0.189,0.496,0.455,0.557,0.23,0.567,0.189,0.608,0.193,0.495,0.498,0.543,0.235,0.54,0.189,0.603,0.196,0.486,0.565
8:01:02,37,0.705,0.707,0.707,0.714,0.718,0.706,0.716,0.694,0.7,0.708,0.703,0.661,0.724,0.705,0.693,0.673,0.104,0.723,0.707,0.658,0.735,0.71,0.683,0.632,0.584,0.582,0.552,0.306,0.653,0.523,0.561,0.506,0.575,0.597,0.597,0.318,0.646,0.508,0.455,0.511,0.578,0.627,0.565,0.307,0.643,0.506,0.513,0.538,0.716,0.261,0.736,0.192,0.745,0.202,0.768,0.733,0.714,0.26,0.71,0.196,0.744,0.207,0.69,0.699,0.108,0.256,0.733,0.195,0.722,0.2,0.781,0.748,0.539,0.231,0.558,0.186,0.599,0.189,0.489,0.446,0.55,0.231,0.563,0.189,0.609,0.193,0.488,0.492,0.537,0.235,0.534,0.189,0.6,0.196,0.479,0.559
8:16:02,36.9,0.702,0.706,0.704,0.716,0.716,0.704,0.714,0.692,0.698,0.706,0.7,0.671,0.723,0.703,0.692,0.672,0.104,0.721,0.704,0.668,0.733,0.709,0.679,0.63,0.578,0.577,0.548,0.305,0.653,0.521,0.554,0.498,0.569,0.592,0.593,0.315,0.646,0.507,0.448,0.504,0.573,0.62,0.56,0.305,0.644,0.503,0.508,0.529,0.714,0.264,0.735,0.193,0.744,0.203,0.767,0.732,0.712,0.263,0.708,0.197,0.743,0.209,0.689,0.698,0.108,0.26,0.732,0.196,0.719,0.2,0.78,0.752,0.531,0.232,0.554,0.186,0.594,0.19,0.483,0.439,0.545,0.231,0.559,0.19,0.604,0.194,0.482,0.483,0.531,0.235,0.53,0.188,0.598,0.196,0.472,0.558
8:31:02,37,0.7,0.706,0.703,0.711,0.714,0.702,0.714,0.69,0.695,0.706,0.699,0.681,0.721,0.701,0.693,0.672,0.104,0.719,0.703,0.678,0.732,0.708,0.675,0.629,0.574,0.572,0.542,0.303,0.65,0.517,0.548,0.492,0.564,0.587,0.583,0.314,0.646,0.503,0.44,0.496,0.57,0.618,0.555,0.304,0.642,0.5,0.503,0.524,0.711,0.267,0.735,0.194,0.744,0.204,0.765,0.731,0.711,0.266,0.706,0.198,0.743,0.211,0.687,0.699,0.108,0.263,0.732,0.197,0.717,0.201,0.779,0.757,0.527,0.232,0.549,0.186,0.588,0.19,0.477,0.433,0.539,0.231,0.555,0.189,0.599,0.194,0.476,0.477,0.525,0.235,0.524,0.188,0.596,0.196,0.466,0.554
8:46:02,37,0.696,0.706,0.701,0.708,0.712,0.701,0.712,0.688,0.693,0.705,0.697,0.69,0.72,0.7,0.692,0.67,0.104,0.718,0.701,0.687,0.731,0.707,0.672,0.629,0.566,0.566,0.54,0.3,0.652,0.518,0.542,0.484,0.559,0.579,0.587,0.312,0.647,0.504,0.434,0.489,0.564,0.609,0.551,0.301,0.64,0.5,0.497,0.518,0.71,0.271,0.734,0.195,0.744,0.205,0.765,0.73,0.709,0.269,0.703,0.199,0.743,0.213,0.686,0.696,0.108,0.267,0.731,0.198,0.715,0.202,0.779,0.761,0.519,0.232,0.545,0.186,0.587,0.191,0.473,0.426,0.534,0.232,0.55,0.189,0.599,0.195,0.471,0.469,0.518,0.235,0.519,0.188,0.594,0.196,0.461,0.551
9:01:02,37,0.694,0.707,0.699,0.706,0.71,0.7,0.715,0.685,0.69,0.706,0.696,0.687,0.718,0.699,0.694,0.669,0.104,0.718,0.699,0.682,0.729,0.706,0.669,0.628,0.562,0.562,0.536,0.299,0.651,0.514,0.536,0.477,0.555,0.575,0.585,0.309,0.646,0.502,0.428,0.481,0.561,0.607,0.547,0.3,0.642,0.498,0.493,0.511,0.709,0.275,0.732,0.196,0.743,0.206,0.763,0.727,0.708,0.273,0.701,0.2,0.744,0.216,0.684,0.697,0.108,0.27,0.729,0.199,0.713,0.203,0.778,0.765,0.514,0.233,0.542,0.186,0.581,0.191,0.467,0.42,0.528,0.232,0.547,0.189,0.594,0.196,0.465,0.464,0.514,0.235,0.516,0.188,0.589,0.197,0.454,0.546
9:16:02,37,0.692,0.707,0.699,0.705,0.708,0.699,0.715,0.684,0.687,0.706,0.695,0.683,0.716,0.698,0.694,0.667,0.104,0.718,0.697,0.679,0.727,0.705,0.666,0.628,0.557,0.556,0.531,0.298,0.65,0.514,0.528,0.47,0.548,0.568,0.582,0.308,0.645,0.502,0.423,0.476,0.555,0.599,0.544,0.298,0.642,0.497,0.488,0.504,0.707,0.278,0.731,0.197,0.743,0.207,0.762,0.726,0.707,0.276,0.7,0.202,0.743,0.22,0.683,0.695,0.107,0.275,0.727,0.201,0.712,0.204,0.776,0.759,0.507,0.233,0.539,0.186,0.581,0.192,0.462,0.412,0.523,0.232,0.545,0.19,0.593,0.196,0.461,0.456,0.508,0.235,0.512,0.188,0.587,0.197,0.449,0.541
9:31:02,37,0.688,0.708,0.698,0.704,0.706,0.698,0.716,0.682,0.684,0.706,0.695,0.68,0.714,0.696,0.696,0.664,0.104,0.718,0.696,0.676,0.725,0.704,0.663,0.626,0.552,0.55,0.526,0.295,0.651,0.512,0.523,0.462,0.544,0.562,0.58,0.305,0.644,0.5,0.418,0.469,0.551,0.595,0.54,0.296,0.64,0.496,0.484,0.497,0.705,0.282,0.729,0.198,0.742,0.208,0.761,0.727,0.706,0.28,0.698,0.203,0.742,0.224,0.682,0.694,0.107,0.279,0.725,0.202,0.71,0.205,0.775,0.755,0.502,0.233,0.532,0.185,0.577,0.192,0.457,0.407,0.518,0.232,0.542,0.189,0.59,0.196,0.455,0.45,0.503,0.235,0.508,0.188,0.585,0.197,0.444,0.536
9:46:02,37,0.686,0.708,0.696,0.703,0.703,0.697,0.715,0.681,0.683,0.706,0.695,0.678,0.712,0.695,0.697,0.663,0.104,0.718,0.695,0.674,0.723,0.703,0.66,0.625,0.548,0.545,0.523,0.292,0.65,0.51,0.518,0.456,0.54,0.556,0.575,0.304,0.643,0.499,0.413,0.461,0.547,0.59,0.536,0.294,0.64,0.495,0.482,0.493,0.704,0.287,0.727,0.199,0.74,0.209,0.759,0.725,0.705,0.285,0.696,0.205,0.742,0.229,0.681,0.694,0.107,0.283,0.723,0.204,0.709,0.206,0.773,0.752,0.496,0.233,0.53,0.186,0.574,0.193,0.453,0.401,0.512,0.232,0.537,0.19,0.586,0.196,0.452,0.445,0.498,0.235,0.504,0.188,0.58,0.197,0.439,0.534
10:01:02,37,0.684,0.708,0.696,0.702,0.701,0.696,0.717,0.68,0.68,0.707,0.695,0.675,0.709,0.693,0.697,0.661,0.104,0.719,0.695,0.673,0.72,0.702,0.658,0.625,0.544,0.54,0.521,0.291,0.649,0.51,0.513,0.451,0.536,0.55,0.569,0.301,0.644,0.497,0.41,0.456,0.543,0.587,0.532,0.292,0.641,0.495,0.478,0.486,0.703,0.291,0.725,0.2,0.739,0.211,0.757,0.723,0.704,0.289,0.695,0.206,0.741,0.234,0.68,0.692,0.107,0.288,0.721,0.205,0.708,0.208,0.771,0.748,0.492,0.233,0.527,0.185,0.572,0.193,0.449,0.395,0.508,0.232,0.535,0.189,0.583,0.197,0.448,0.438,0.494,0.235,0.5,0.188,0.579,0.198,0.434,0.53
10:16:02,37,0.682,0.709,0.696,0.701,0.7,0.694,0.714,0.679,0.678,0.707,0.697,0.674,0.708,0.692,0.699,0.66,0.104,0.719,0.695,0.671,0.718,0.699,0.655,0.624,0.541,0.535,0.517,0.289,0.649,0.509,0.508,0.445,0.532,0.547,0.574,0.3,0.645,0.496,0.406,0.45,0.54,0.584,0.529,0.291,0.64,0.494,0.475,0.481,0.702,0.296,0.722,0.202,0.737,0.212,0.754,0.725,0.702,0.294,0.693,0.208,0.739,0.24,0.678,0.691,0.107,0.293,0.718,0.207,0.707,0.209,0.769,0.745,0.489,0.233,0.524,0.185,0.57,0.193,0.445,0.39,0.503,0.233,0.53,0.189,0.582,0.197,0.443,0.434,0.489,0.235,0.496,0.188,0.576,0.198,0.431,0.529
10:31:02,37,0.679,0.709,0.695,0.7,0.698,0.693,0.713,0.679,0.675,0.707,0.697,0.672,0.706,0.69,0.701,0.658,0.104,0.719,0.695,0.669,0.716,0.698,0.652,0.623,0.535,0.531,0.514,0.287,0.65,0.509,0.503,0.439,0.529,0.542,0.567,0.297,0.644,0.496,0.403,0.445,0.538,0.579,0.525,0.289,0.64,0.495,0.473,0.475,0.701,0.301,0.72,0.203,0.735,0.214,0.752,0.722,0.701,0.299,0.691,0.21,0.738,0.246,0.677,0.69,0.107,0.299,0.716,0.209,0.706,0.211,0.767,0.742,0.483,0.233,0.519,0.185,0.568,0.194,0.441,0.386,0.498,0.232,0.527,0.189,0.581,0.198,0.44,0.428,0.485,0.235,0.493,0.188,0.575,0.198,0.427,0.525
10:46:02,36.9,0.677,0.709,0.696,0.699,0.696,0.691,0.715,0.679,0.674,0.706,0.699,0.67,0.705,0.688,0.702,0.657,0.104,0.718,0.696,0.668,0.715,0.696,0.65,0.621,0.533,0.525,0.511,0.285,0.65,0.507,0.499,0.433,0.525,0.54,0.564,0.296,0.645,0.495,0.401,0.439,0.534,0.577,0.521,0.287,0.639,0.493,0.47,0.47,0.7,0.306,0.718,0.205,0.733,0.215,0.749,0.721,0.7,0.304,0.69,0.213,0.737,0.253,0.675,0.688,0.107,0.304,0.713,0.212,0.706,0.212,0.765,0.739,0.48,0.233,0.517,0.185,0.563,0.195,0.438,0.381,0.496,0.233,0.524,0.189,0.577,0.198,0.436,0.425,0.482,0.235,0.489,0.188,0.573,0.198,0.423,0.521
11:01:02,37,0.676,0.708,0.697,0.697,0.695,0.689,0.713,0.68,0.672,0.706,0.699,0.668,0.704,0.687,0.703,0.656,0.104,0.718,0.696,0.667,0.713,0.694,0.647,0.621,0.53,0.521,0.508,0.284,0.648,0.506,0.495,0.429,0.522,0.536,0.565,0.294,0.644,0.495,0.4,0.434,0.531,0.573,0.519,0.285,0.639,0.493,0.468,0.466,0.7,0.312,0.716,0.207,0.731,0.217,0.746,0.72,0.699,0.309,0.688,0.215,0.735,0.261,0.674,0.687,0.107,0.31,0.711,0.214,0.705,0.214,0.762,0.736,0.475,0.232,0.515,0.185,0.56,0.195,0.434,0.376,0.492,0.233,0.522,0.189,0.574,0.198,0.433,0.419,0.478,0.235,0.486,0.188,0.571,0.199,0.42,0.517
11:16:02,37,0.674,0.708,0.698,0.695,0.693,0.688,0.711,0.68,0.67,0.706,0.701,0.667,0.703,0.685,0.703,0.655,0.104,0.717,0.698,0.665,0.712,0.692,0.644,0.62,0.527,0.517,0.505,0.282,0.65,0.506,0.492,0.424,0.521,0.531,0.561,0.292,0.645,0.496,0.399,0.429,0.529,0.568,0.516,0.283,0.64,0.493,0.467,0.462,0.698,0.318,0.713,0.209,0.729,0.219,0.744,0.719,0.698,0.314,0.686,0.218,0.733,0.269,0.673,0.686,0.107,0.317,0.708,0.217,0.704,0.216,0.76,0.734,0.472,0.233,0.512,0.185,0.558,0.196,0.432,0.372,0.489,0.233,0.519,0.189,0.573,0.199,0.431,0.416,0.475,0.235,0.482,0.188,0.568,0.199,0.417,0.516
11:31:02,37,0.672,0.709,0.698,0.694,0.692,0.686,0.706,0.683,0.668,0.706,0.7,0.665,0.703,0.684,0.704,0.653,0.104,0.718,0.697,0.663,0.712,0.691,0.643,0.618,0.525,0.512,0.503,0.28,0.651,0.505,0.489,0.419,0.516,0.527,0.561,0.291,0.644,0.496,0.398,0.426,0.526,0.565,0.514,0.281,0.639,0.495,0.464,0.457,0.697,0.323,0.71,0.21,0.727,0.221,0.742,0.718,0.697,0.32,0.684,0.22,0.732,0.278,0.672,0.684,0.107,0.323,0.705,0.219,0.703,0.218,0.757,0.731,0.469,0.233,0.51,0.185,0.558,0.196,0.428,0.368,0.488,0.233,0.518,0.189,0.57,0.199,0.428,0.411,0.473,0.234,0.479,0.188,0.567,0.199,0.413,0.514
11:46:02,37,0.671,0.708,0.699,0.691,0.69,0.684,0.704,0.682,0.667,0.705,0.701,0.663,0.701,0.681,0.702,0.652,0.103,0.717,0.698,0.661,0.71,0.688,0.639,0.617,0.521,0.508,0.499,0.279,0.649,0.505,0.486,0.414,0.514,0.523,0.56,0.289,0.645,0.496,0.398,0.421,0.523,0.561,0.512,0.28,0.639,0.493,0.463,0.453,0.696,0.329,0.708,0.213,0.725,0.223,0.739,0.715,0.697,0.326,0.683,0.223,0.73,0.288,0.671,0.682,0.107,0.33,0.703,0.222,0.702,0.221,0.755,0.729,0.466,0.232,0.508,0.184,0.556,0.197,0.426,0.365,0.484,0.233,0.515,0.189,0.568,0.2,0.425,0.407,0.469,0.234,0.477,0.187,0.563,0.199,0.41,0.514
12:01:02,37.1,0.669,0.708,0.699,0.689,0.689,0.683,0.701,0.682,0.666,0.705,0.702,0.661,0.702,0.68,0.702,0.65,0.104,0.716,0.699,0.659,0.709,0.687,0.637,0.616,0.52,0.504,0.497,0.277,0.65,0.504,0.482,0.41,0.513,0.52,0.553,0.288,0.643,0.495,0.398,0.416,0.521,0.558,0.509,0.278,0.639,0.492,0.461,0.448,0.695,0.335,0.705,0.215,0.722,0.226,0.736,0.715,0.695,0.331,0.681,0.227,0.728,0.298,0.669,0.681,0.107,0.337,0.7,0.226,0.7,0.223,0.752,0.727,0.463,0.233,0.504,0.184,0.55,0.197,0.423,0.36,0.482,0.233,0.512,0.189,0.565,0.2,0.423,0.403,0.467,0.234,0.473,0.187,0.561,0.199,0.408,0.511
12:16:02,37,0.668,0.707,0.7,0.686,0.689,0.681,0.696,0.684,0.664,0.705,0.702,0.659,0.703,0.679,0.701,0.649,0.103,0.716,0.699,0.658,0.709,0.686,0.635,0.614,0.518,0.502,0.495,0.276,0.65,0.504,0.481,0.406,0.51,0.516,0.554,0.286,0.644,0.495,0.399,0.412,0.519,0.555,0.507,0.277,0.639,0.493,0.46,0.445,0.693,0.342,0.703,0.218,0.72,0.228,0.734,0.714,0.694,0.337,0.679,0.23,0.726,0.309,0.668,0.68,0.107,0.344,0.698,0.229,0.699,0.226,0.748,0.724,0.46,0.233,0.501,0.184,0.549,0.198,0.422,0.358,0.477,0.232,0.508,0.188,0.562,0.2,0.421,0.4,0.463,0.234,0.471,0.187,0.56,0.2,0.405,0.509
12:31:02,37,0.665,0.707,0.701,0.685,0.689,0.681,0.693,0.684,0.663,0.705,0.703,0.657,0.704,0.677,0.701,0.648,0.103,0.716,0.7,0.656,0.711,0.685,0.632,0.613,0.515,0.499,0.491,0.274,0.65,0.503,0.478,0.402,0.508,0.513,0.569,0.285,0.644,0.495,0.398,0.409,0.517,0.552,0.504,0.276,0.638,0.492,0.458,0.441,0.693,0.348,0.7,0.221,0.718,0.231,0.732,0.714,0.694,0.343,0.678,0.234,0.725,0.322,0.667,0.679,0.107,0.351,0.695,0.233,0.698,0.229,0.746,0.722,0.458,0.233,0.5,0.184,0.546,0.199,0.42,0.355,0.475,0.232,0.507,0.188,0.56,0.2,0.419,0.397,0.461,0.233,0.469,0.187,0.557,0.2,0.403,0.505
12:46:02,37,0.664,0.707,0.703,0.683,0.689,0.68,0.689,0.685,0.661,0.705,0.704,0.655,0.708,0.677,0.7,0.647,0.103,0.716,0.702,0.654,0.714,0.685,0.629,0.613,0.513,0.496,0.49,0.272,0.649,0.502,0.475,0.399,0.505,0.51,0.551,0.283,0.642,0.494,0.399,0.406,0.511,0.55,0.503,0.274,0.638,0.493,0.456,0.438,0.691,0.354,0.698,0.223,0.716,0.234,0.729,0.711,0.693,0.349,0.676,0.237,0.723,0.334,0.666,0.677,0.107,0.358,0.693,0.236,0.697,0.232,0.743,0.719,0.456,0.233,0.498,0.184,0.544,0.199,0.418,0.351,0.474,0.233,0.506,0.188,0.56,0.201,0.418,0.393,0.46,0.234,0.466,0.187,0.556,0.2,0.401,0.504
13:01:02,37.1,0.662,0.706,0.704,0.681,0.691,0.681,0.686,0.685,0.66,0.705,0.704,0.653,0.711,0.678,0.699,0.647,0.103,0.716,0.702,0.653,0.718,0.686,0.627,0.611,0.511,0.493,0.488,0.271,0.647,0.502,0.475,0.396,0.503,0.507,0.552,0.282,0.64,0.495,0.4,0.403,0.505,0.544,0.501,0.272,0.636,0.492,0.449,0.435,0.69,0.361,0.696,0.226,0.715,0.237,0.727,0.709,0.692,0.355,0.675,0.241,0.722,0.347,0.664,0.675,0.107,0.365,0.691,0.241,0.696,0.235,0.74,0.717,0.453,0.232,0.498,0.184,0.543,0.2,0.415,0.349,0.472,0.233,0.504,0.188,0.556,0.201,0.416,0.39,0.458,0.233,0.463,0.187,0.553,0.2,0.398,0.502
13:16:02,37,0.662,0.705,0.706,0.679,0.693,0.681,0.683,0.685,0.658,0.705,0.704,0.651,0.714,0.679,0.698,0.645,0.103,0.716,0.703,0.65,0.722,0.688,0.624,0.61,0.505,0.491,0.486,0.271,0.644,0.501,0.473,0.393,0.499,0.505,0.543,0.28,0.635,0.495,0.4,0.401,0.499,0.537,0.5,0.271,0.631,0.493,0.443,0.432,0.689,0.367,0.693,0.229,0.713,0.24,0.724,0.709,0.69,0.361,0.674,0.246,0.72,0.36,0.664,0.674,0.107,0.373,0.689,0.245,0.695,0.239,0.738,0.715,0.452,0.233,0.495,0.183,0.54,0.2,0.414,0.347,0.471,0.233,0.502,0.187,0.555,0.202,0.414,0.387,0.456,0.233,0.462,0.187,0.55,0.2,0.397,0.5
13:31:02,37,0.66,0.705,0.706,0.677,0.694,0.682,0.68,0.684,0.657,0.706,0.704,0.649,0.716,0.681,0.697,0.645,0.103,0.716,0.704,0.649,0.726,0.69,0.622,0.609,0.5,0.489,0.485,0.269,0.639,0.503,0.471,0.388,0.494,0.503,0.536,0.278,0.628,0.494,0.401,0.398,0.492,0.53,0.498,0.27,0.625,0.493,0.437,0.429,0.687,0.373,0.691,0.233,0.711,0.243,0.721,0.707,0.689,0.366,0.672,0.25,0.72,0.374,0.662,0.673,0.107,0.381,0.686,0.249,0.694,0.242,0.736,0.713,0.45,0.233,0.493,0.183,0.536,0.201,0.412,0.345,0.468,0.233,0.499,0.187,0.551,0.202,0.413,0.385,0.454,0.233,0.459,0.186,0.549,0.201,0.395,0.497
13:46:02,37,0.66,0.705,0.706,0.676,0.696,0.685,0.679,0.684,0.656,0.705,0.704,0.647,0.718,0.684,0.697,0.644,0.103,0.716,0.705,0.647,0.728,0.693,0.62,0.609,0.496,0.486,0.482,0.267,0.633,0.502,0.471,0.386,0.489,0.501,0.536,0.277,0.622,0.496,0.402,0.396,0.486,0.523,0.497,0.268,0.619,0.493,0.433,0.427,0.686,0.372,0.689,0.236,0.71,0.247,0.718,0.704,0.688,0.363,0.67,0.255,0.718,0.388,0.661,0.67,0.107,0.384,0.684,0.254,0.693,0.246,0.734,0.711,0.447,0.232,0.491,0.183,0.535,0.202,0.412,0.343,0.467,0.233,0.498,0.187,0.551,0.203,0.412,0.383,0.451,0.232,0.458,0.186,0.548,0.201,0.394,0.491
14:01:02,37,0.659,0.704,0.707,0.675,0.7,0.689,0.68,0.683,0.656,0.705,0.704,0.646,0.72,0.688,0.697,0.643,0.104,0.716,0.706,0.646,0.729,0.696,0.617,0.608,0.492,0.484,0.48,0.267,0.629,0.5,0.468,0.384,0.485,0.498,0.54,0.275,0.618,0.497,0.404,0.394,0.483,0.516,0.494,0.267,0.615,0.491,0.431,0.425,0.684,0.373,0.688,0.24,0.709,0.251,0.715,0.705,0.687,0.365,0.669,0.26,0.717,0.403,0.66,0.669,0.106,0.384,0.683,0.26,0.692,0.25,0.732,0.708,0.445,0.232,0.487,0.183,0.532,0.202,0.411,0.342,0.464,0.233,0.495,0.187,0.546,0.203,0.411,0.381,0.45,0.232,0.453,0.186,0.546,0.202,0.393,0.486
14:16:02,37,0.659,0.705,0.709,0.674,0.703,0.694,0.677,0.683,0.656,0.706,0.705,0.643,0.721,0.693,0.695,0.643,0.103,0.717,0.707,0.644,0.73,0.7,0.616,0.607,0.485,0.482,0.479,0.265,0.625,0.502,0.466,0.381,0.479,0.494,0.53,0.273,0.614,0.497,0.403,0.392,0.476,0.512,0.493,0.264,0.61,0.494,0.426,0.422,0.684,0.375,0.686,0.243,0.707,0.255,0.713,0.703,0.685,0.366,0.667,0.265,0.717,0.418,0.659,0.668,0.106,0.387,0.681,0.264,0.69,0.255,0.73,0.705,0.445,0.232,0.487,0.182,0.531,0.202,0.409,0.34,0.464,0.233,0.494,0.186,0.546,0.204,0.41,0.379,0.449,0.232,0.453,0.186,0.543,0.201,0.391,0.48
14:31:02,36.9,0.658,0.704,0.709,0.675,0.705,0.698,0.675,0.682,0.656,0.706,0.704,0.641,0.721,0.696,0.694,0.641,0.103,0.717,0.707,0.642,0.73,0.702,0.613,0.606,0.48,0.48,0.478,0.264,0.621,0.502,0.462,0.38,0.474,0.49,0.535,0.272,0.609,0.496,0.403,0.39,0.473,0.507,0.49,0.264,0.606,0.492,0.422,0.419,0.682,0.376,0.684,0.247,0.706,0.26,0.711,0.703,0.684,0.367,0.666,0.269,0.715,0.432,0.658,0.666,0.106,0.39,0.679,0.27,0.689,0.259,0.728,0.702,0.443,0.232,0.486,0.182,0.529,0.203,0.409,0.338,0.462,0.233,0.492,0.186,0.544,0.204,0.409,0.376,0.448,0.232,0.452,0.186,0.542,0.202,0.39,0.474
14:46:02,37,0.656,0.703,0.71,0.675,0.707,0.701,0.675,0.681,0.656,0.706,0.704,0.64,0.722,0.699,0.694,0.641,0.103,0.717,0.708,0.64,0.73,0.704,0.611,0.606,0.477,0.479,0.476,0.263,0.619,0.501,0.459,0.378,0.47,0.485,0.519,0.271,0.605,0.496,0.402,0.388,0.469,0.502,0.488,0.262,0.601,0.491,0.419,0.418,0.681,0.378,0.682,0.252,0.705,0.263,0.709,0.701,0.682,0.369,0.664,0.275,0.714,0.437,0.656,0.665,0.106,0.393,0.678,0.275,0.688,0.263,0.726,0.7,0.442,0.232,0.483,0.182,0.528,0.203,0.408,0.336,0.46,0.233,0.486,0.186,0.543,0.204,0.409,0.376,0.447,0.232,0.449,0.185,0.54,0.202,0.39,0.469
15:01:02,37,0.656,0.703,0.71,0.676,0.71,0.703,0.674,0.68,0.656,0.706,0.704,0.638,0.722,0.701,0.694,0.64,0.103,0.717,0.708,0.638,0.731,0.705,0.609,0.604,0.472,0.476,0.473,0.261,0.616,0.501,0.455,0.376,0.465,0.48,0.507,0.269,0.602,0.498,0.399,0.386,0.465,0.499,0.485,0.261,0.598,0.491,0.416,0.416,0.679,0.38,0.68,0.256,0.703,0.268,0.706,0.699,0.681,0.371,0.663,0.28,0.713,0.441,0.655,0.664,0.106,0.396,0.676,0.28,0.686,0.267,0.724,0.697,0.44,0.232,0.481,0.182,0.524,0.204,0.407,0.336,0.456,0.232,0.482,0.186,0.54,0.204,0.409,0.373,0.443,0.232,0.447,0.185,0.537,0.202,0.389,0.464
15:16:02,37,0.657,0.703,0.711,0.68,0.713,0.704,0.673,0.679,0.656,0.706,0.703,0.635,0.723,0.703,0.693,0.639,0.103,0.717,0.708,0.637,0.731,0.706,0.606,0.603,0.468,0.471,0.47,0.26,0.613,0.499,0.451,0.375,0.462,0.476,0.511,0.268,0.598,0.496,0.398,0.385,0.462,0.495,0.482,0.259,0.593,0.492,0.413,0.414,0.678,0.383,0.679,0.261,0.703,0.272,0.705,0.697,0.679,0.373,0.661,0.286,0.713,0.445,0.654,0.662,0.106,0.399,0.675,0.286,0.685,0.272,0.723,0.695,0.439,0.231,0.477,0.182,0.523,0.204,0.407,0.334,0.454,0.232,0.478,0.185,0.538,0.205,0.409,0.372,0.441,0.232,0.447,0.185,0.536,0.202,0.388,0.461
15:31:02,37,0.657,0.702,0.711,0.682,0.714,0.705,0.674,0.678,0.655,0.705,0.703,0.634,0.723,0.703,0.693,0.638,0.103,0.717,0.709,0.635,0.731,0.706,0.605,0.607,0.464,0.467,0.466,0.258,0.61,0.499,0.449,0.374,0.459,0.472,0.514,0.268,0.596,0.496,0.396,0.384,0.458,0.491,0.477,0.258,0.59,0.491,0.41,0.413,0.677,0.385,0.678,0.266,0.701,0.276,0.702,0.697,0.678,0.375,0.66,0.291,0.712,0.451,0.653,0.661,0.106,0.403,0.674,0.291,0.684,0.276,0.721,0.692,0.438,0.232,0.472,0.181,0.52,0.205,0.406,0.334,0.45,0.232,0.475,0.185,0.537,0.205,0.409,0.371,0.437,0.232,0.444,0.185,0.534,0.202,0.388,0.456
15:46:02,37,0.656,0.701,0.711,0.686,0.715,0.706,0.676,0.677,0.654,0.705,0.702,0.633,0.723,0.704,0.694,0.638,0.103,0.717,0.708,0.634,0.731,0.706,0.602,0.606,0.463,0.462,0.461,0.257,0.608,0.498,0.446,0.373,0.456,0.469,0.501,0.266,0.594,0.494,0.395,0.382,0.455,0.486,0.472,0.257,0.587,0.492,0.409,0.411,0.676,0.388,0.677,0.271,0.7,0.281,0.7,0.694,0.677,0.378,0.659,0.296,0.711,0.457,0.652,0.66,0.106,0.407,0.674,0.297,0.683,0.281,0.719,0.69,0.436,0.231,0.468,0.181,0.519,0.205,0.406,0.332,0.445,0.232,0.472,0.185,0.534,0.205,0.409,0.37,0.432,0.231,0.442,0.185,0.533,0.202,0.388,0.453
16:01:02,37,0.657,0.701,0.71,0.689,0.716,0.706,0.675,0.676,0.653,0.705,0.702,0.63,0.722,0.704,0.693,0.636,0.103,0.716,0.709,0.632,0.73,0.707,0.6,0.604,0.457,0.457,0.457,0.256,0.606,0.497,0.442,0.373,0.451,0.465,0.505,0.265,0.59,0.494,0.394,0.38,0.452,0.482,0.468,0.256,0.585,0.49,0.405,0.411,0.674,0.391,0.676,0.276,0.699,0.286,0.698,0.693,0.676,0.38,0.657,0.303,0.711,0.464,0.651,0.66,0.106,0.412,0.673,0.303,0.682,0.286,0.718,0.688,0.433,0.231,0.466,0.181,0.517,0.206,0.406,0.333,0.441,0.232,0.47,0.185,0.533,0.206,0.41,0.369,0.429,0.231,0.441,0.185,0.53,0.202,0.389,0.449
16:16:02,37,0.657,0.699,0.71,0.694,0.717,0.706,0.675,0.675,0.653,0.705,0.701,0.629,0.722,0.704,0.692,0.636,0.103,0.716,0.708,0.63,0.73,0.706,0.598,0.605,0.454,0.454,0.452,0.254,0.604,0.497,0.44,0.372,0.447,0.461,0.498,0.264,0.589,0.495,0.393,0.379,0.449,0.48,0.465,0.254,0.582,0.491,0.402,0.41,0.672,0.394,0.675,0.28,0.698,0.292,0.697,0.691,0.674,0.382,0.656,0.308,0.71,0.471,0.65,0.657,0.106,0.416,0.672,0.309,0.681,0.291,0.717,0.685,0.431,0.231,0.463,0.18,0.515,0.206,0.407,0.332,0.439,0.232,0.467,0.184,0.53,0.206,0.41,0.368,0.427,0.231,0.438,0.184,0.53,0.203,0.388,0.444
16:31:02,37,0.658,0.698,0.71,0.697,0.718,0.707,0.678,0.674,0.652,0.705,0.7,0.627,0.722,0.705,0.692,0.635,0.103,0.716,0.708,0.629,0.73,0.707,0.596,0.604,0.453,0.449,0.448,0.253,0.602,0.496,0.437,0.372,0.445,0.459,0.495,0.264,0.588,0.494,0.391,0.378,0.446,0.475,0.46,0.253,0.579,0.49,0.399,0.409,0.671,0.397,0.674,0.285,0.697,0.297,0.695,0.691,0.673,0.385,0.654,0.314,0.709,0.478,0.648,0.657,0.106,0.421,0.672,0.315,0.68,0.296,0.715,0.682,0.427,0.23,0.46,0.18,0.514,0.206,0.407,0.331,0.435,0.231,0.464,0.184,0.527,0.206,0.41,0.368,0.422,0.231,0.434,0.184,0.528,0.203,0.388,0.444
16:46:02,37.1,0.659,0.698,0.709,0.699,0.719,0.708,0.675,0.673,0.652,0.705,0.7,0.626,0.722,0.705,0.691,0.634,0.103,0.716,0.707,0.627,0.73,0.707,0.595,0.602,0.448,0.446,0.446,0.252,0.601,0.495,0.434,0.371,0.442,0.455,0.492,0.262,0.585,0.494,0.39,0.377,0.442,0.473,0.457,0.252,0.576,0.49,0.397,0.407,0.67,0.399,0.674,0.291,0.696,0.303,0.694,0.689,0.672,0.388,0.652,0.321,0.709,0.485,0.648,0.655,0.106,0.426,0.672,0.321,0.678,0.302,0.715,0.68,0.424,0.23,0.459,0.18,0.513,0.207,0.408,0.332,0.432,0.231,0.463,0.184,0.523,0.207,0.411,0.367,0.42,0.23,0.432,0.184,0.524,0.203,0.389,0.439
17:01:02,37,0.659,0.697,0.71,0.7,0.718,0.707,0.676,0.672,0.651,0.705,0.7,0.624,0.722,0.704,0.69,0.634,0.103,0.716,0.707,0.626,0.73,0.706,0.593,0.6,0.444,0.443,0.444,0.251,0.601,0.496,0.43,0.371,0.438,0.452,0.49,0.261,0.583,0.495,0.39,0.377,0.439,0.468,0.454,0.251,0.573,0.49,0.394,0.407,0.669,0.403,0.674,0.296,0.695,0.309,0.692,0.688,0.671,0.391,0.651,0.327,0.709,0.492,0.647,0.655,0.106,0.431,0.673,0.328,0.677,0.307,0.713,0.678,0.421,0.23,0.456,0.179,0.512,0.207,0.407,0.332,0.429,0.231,0.461,0.184,0.52,0.207,0.411,0.367,0.416,0.23,0.427,0.184,0.521,0.203,0.389,0.438
17:16:02,37,0.658,0.696,0.709,0.701,0.718,0.707,0.68,0.672,0.651,0.705,0.699,0.623,0.722,0.706,0.69,0.634,0.103,0.716,0.707,0.625,0.73,0.706,0.59,0.603,0.443,0.44,0.44,0.251,0.6,0.494,0.428,0.371,0.437,0.45,0.491,0.26,0.583,0.494,0.388,0.376,0.437,0.467,0.45,0.251,0.574,0.488,0.391,0.406,0.668,0.406,0.674,0.302,0.695,0.314,0.69,0.686,0.67,0.394,0.651,0.334,0.708,0.5,0.646,0.654,0.106,0.436,0.675,0.334,0.676,0.313,0.712,0.676,0.417,0.23,0.454,0.179,0.507,0.207,0.408,0.331,0.426,0.231,0.46,0.184,0.514,0.207,0.412,0.367,0.413,0.23,0.425,0.184,0.515,0.203,0.39,0.435
17:31:02,37,0.662,0.695,0.708,0.701,0.719,0.707,0.678,0.671,0.65,0.705,0.698,0.621,0.722,0.706,0.688,0.632,0.103,0.715,0.706,0.624,0.73,0.706,0.589,0.602,0.438,0.437,0.436,0.25,0.599,0.491,0.426,0.37,0.433,0.446,0.489,0.259,0.58,0.494,0.387,0.376,0.433,0.463,0.448,0.249,0.571,0.488,0.389,0.406,0.666,0.409,0.675,0.308,0.693,0.32,0.689,0.684,0.669,0.397,0.649,0.34,0.707,0.507,0.645,0.653,0.106,0.442,0.677,0.34,0.675,0.319,0.711,0.674,0.415,0.23,0.453,0.178,0.507,0.208,0.409,0.331,0.423,0.23,0.458,0.184,0.511,0.207,0.411,0.367,0.41,0.229,0.422,0.183,0.511,0.203,0.39,0.431
17:46:02,37,0.66,0.693,0.708,0.702,0.719,0.708,0.678,0.669,0.65,0.705,0.697,0.62,0.721,0.706,0.688,0.632,0.103,0.716,0.706,0.623,0.73,0.706,0.588,0.6,0.436,0.434,0.435,0.249,0.596,0.489,0.423,0.371,0.429,0.444,0.483,0.258,0.578,0.492,0.387,0.376,0.431,0.46,0.445,0.248,0.57,0.486,0.386,0.405,0.665,0.413,0.676,0.314,0.693,0.326,0.688,0.684,0.668,0.399,0.648,0.347,0.708,0.515,0.645,0.652,0.106,0.447,0.68,0.347,0.674,0.324,0.71,0.672,0.412,0.23,0.453,0.178,0.508,0.208,0.409,0.332,0.42,0.231,0.457,0.183,0.508,0.208,0.412,0.368,0.408,0.229,0.42,0.183,0.507,0.203,0.391,0.43
18:01:02,37,0.662,0.693,0.708,0.703,0.719,0.707,0.678,0.668,0.65,0.705,0.697,0.619,0.722,0.705,0.687,0.63,0.103,0.716,0.705,0.621,0.73,0.705,0.585,0.598,0.433,0.43,0.432,0.248,0.596,0.485,0.42,0.371,0.427,0.442,0.481,0.257,0.579,0.491,0.385,0.375,0.427,0.457,0.442,0.247,0.569,0.483,0.384,0.404,0.664,0.416,0.678,0.319,0.693,0.332,0.686,0.682,0.667,0.403,0.647,0.353,0.707,0.523,0.644,0.651,0.106,0.452,0.682,0.354,0.673,0.33,0.709,0.67,0.41,0.229,0.45,0.178,0.505,0.208,0.408,0.333,0.418,0.231,0.455,0.183,0.506,0.208,0.41,0.367,0.406,0.229,0.418,0.183,0.503,0.203,0.392,0.425
