Time,A1,B1,C1,D1,E1,F1,G1,H1,A2,B2,C2,D2,E2,F2,G2,H2,A3,B3,C3,D3,E3,F3,G3,H3,A4,B4,C4,D4,E4,F4,G4,H4,A5,B5,C5,D5,E5,F5,G5,H5,A6,B6,C6,D6,E6,F6,G6,H6,A7,B7,C7,A8,C8,D8,A9,B9,A10,B10,A11,B11,A12,B12
0,0.0482,0.036,0.0326,0.0355,0.0525,0.035,0.0392,0.0483,0.0416,0.0266,0.0434,0.0496,0.0746,0.0364,0.0447,0.0339,0.0328,0.0352,0.0298,0.0398,0.043,0.0386,0.0448,0.0478,0.0465,0.0334,0.0359,0.0414,0.0385,0.024,0.0434,0.0424,0.0502,0.0277,0.036,0.0425,0.0732,0.027,0.045,0.0346,0.0468,0.0327,0.0405,0.045,0.0306,0.0284,0.0396,0.0441,0.0399,0.0299,0.001,0.0376,-0.001,0.0338,0.0411,0.0265,0.0505,0.038,0.0448,0.0363,0.042,0.0326
0.25,0.04905,0.03655,0.03435,0.03785,0.05545,0.03845,0.04275,0.04965,0.04355,0.02715,0.04515,0.05085,0.07975,0.04015,0.04765,0.03585,0.03515,0.03705,0.03195,0.04185,0.04415,0.03035,0.04605,0.04915,0.04915,0.03495,0.03745,0.04245,0.03975,0.02655,0.04405,0.04405,0.05065,0.02925,0.03635,0.04375,0.07825,0.02885,0.04735,0.03685,0.04885,0.03435,0.04205,0.04595,0.03295,0.02905,0.04325,0.04345,0.04235,0.03135,0.00095,0.04055,-0.00095,0.03305,0.04285,0.02915,0.05295,0.03955,0.04755,0.03715,0.04405,0.03385
0.5,0.05105,0.03805,0.03535,0.03875,0.05545,0.03895,0.04345,0.05105,0.04515,0.02675,0.04485,0.05115,0.08125,0.03975,0.04765,0.03645,0.03775,0.03795,0.03345,0.04245,0.04455,0.03185,0.04675,0.04975,0.05105,0.03615,0.03685,0.04255,0.03925,0.02635,0.04535,0.04475,0.05245,0.02965,0.03715,0.04355,0.08095,0.02885,0.04855,0.03705,0.05075,0.03535,0.04275,0.04635,0.03365,0.02935,0.04265,0.04515,0.04355,0.03125,0.00085,0.04205,-0.00085,0.03325,0.04425,0.02915,0.05465,0.04005,0.04845,0.03645,0.04485,0.03305
0.75,0.05555,0.04085,0.03895,0.04165,0.05975,0.04155,0.04655,0.05485,0.04965,0.02775,0.04765,0.05435,0.08505,0.04165,0.04985,0.03925,0.04135,0.04155,0.03685,0.04535,0.04765,0.03665,0.04875,0.05295,0.05535,0.03895,0.04125,0.04585,0.04345,0.02885,0.04985,0.04855,0.05635,0.03065,0.04045,0.04705,0.08565,0.03175,0.05085,0.04005,0.05445,0.03895,0.04655,0.04985,0.03705,0.03235,0.04585,0.04855,0.04735,0.03255,0.00065,0.04565,-0.00065,0.03665,0.04795,0.02955,0.05815,0.04055,0.05265,0.03955,0.04805,0.03355
1,0.0638,0.0465,0.0458,0.048,0.0673,0.046,0.0529,0.0617,0.0578,0.0312,0.0531,0.0614,0.0969,0.0466,0.0558,0.0456,0.0484,0.0482,0.0421,0.0512,0.0533,0.0389,0.0542,0.0587,0.0627,0.0442,0.0465,0.0511,0.049,0.0326,0.0543,0.0546,0.0645,0.0334,0.0455,0.0529,0.0985,0.0363,0.0568,0.0458,0.0612,0.0445,0.0526,0.0559,0.0432,0.0369,0.0522,0.0557,0.0546,0.0359,0.0004,0.0524,-0.0004,0.0414,0.0551,0.0325,0.0652,0.0436,0.0594,0.0445,0.0553,0.0361
1.25,0.0733,0.0517,0.0532,0.0543,0.0759,0.05,0.0601,0.0696,0.0674,0.0343,0.0591,0.0689,0.1091,0.0511,0.0621,0.0516,0.0565,0.0544,0.0493,0.0578,0.0611,0.0459,0.0607,0.0654,0.0711,0.0479,0.0538,0.057,0.0567,0.0366,0.0624,0.0608,0.073,0.0353,0.0522,0.0596,0.1122,0.0398,0.0634,0.0515,0.0691,0.0494,0.0607,0.0621,0.0502,0.0415,0.0599,0.0625,0.0631,0.0395,0.0003,0.0606,-0.0003,0.0465,0.0638,0.0357,0.0736,0.0465,0.0677,0.0486,0.063,0.0385
1.5,0.08655,0.05905,0.06435,0.06355,0.08835,0.05685,0.07065,0.07925,0.08105,0.03955,0.06865,0.07975,0.12605,0.05845,0.07185,0.06025,0.06865,0.06235,0.05935,0.06715,0.07135,0.05185,0.07105,0.07555,0.08175,0.05145,0.06245,0.06315,0.06545,0.04025,0.07085,0.06945,0.08435,0.03795,0.06025,0.06705,0.12735,0.04415,0.07255,0.05815,0.07835,0.05395,0.07035,0.06895,0.05875,0.04705,0.07045,0.07005,0.07365,0.04565,0.00035,0.07065,-0.00035,0.05345,0.07465,0.04045,0.08315,0.05045,0.07655,0.05305,0.07225,0.04185
1.75,0.10215,0.06965,0.07845,0.07615,0.10265,0.06605,0.08425,0.09295,0.09625,0.04695,0.08135,0.09375,0.14635,0.06835,0.08385,0.07175,0.08205,0.07355,0.07215,0.07925,0.08445,0.05975,0.08375,0.08835,0.09305,0.05605,0.07375,0.06995,0.07685,0.04605,0.08095,0.07795,0.09705,0.04115,0.06985,0.07495,0.14465,0.04985,0.08235,0.06615,0.08925,0.05845,0.08235,0.07645,0.06935,0.05325,0.08225,0.07935,0.08755,0.05365,0.00025,0.08425,-0.00025,0.06425,0.08895,0.04775,0.09485,0.05415,0.08785,0.05805,0.08355,0.04575
2,0.1212,0.0823,0.0948,0.0908,0.1195,0.0782,0.1,0.109,0.1139,0.0564,0.0953,0.1102,0.1689,0.0813,0.0988,0.0859,0.0984,0.0868,0.0866,0.0939,0.0996,0.0698,0.0988,0.1031,0.1081,0.059,0.0862,0.0773,0.0898,0.0519,0.0934,0.0889,0.1122,0.0433,0.0807,0.0836,0.1646,0.0556,0.0961,0.0763,0.1025,0.0614,0.0955,0.0839,0.0811,0.0589,0.0961,0.0911,0.1042,0.0653,0.0004,0.1004,-0.0004,0.0781,0.1058,0.0575,0.1087,0.0583,0.1016,0.0632,0.0976,0.0491
2.25,0.14135,0.09575,0.11335,0.10695,0.13765,0.09035,0.11735,0.12635,0.13435,0.06775,0.11225,0.12775,0.19585,0.09415,0.11605,0.10135,0.11735,0.10055,0.10485,0.11005,0.11735,0.08135,0.11615,0.11995,0.12315,0.05875,0.10105,0.08345,0.10485,0.05095,0.10755,0.09995,0.12755,0.04385,0.09445,0.09115,0.18655,0.05515,0.10915,0.08725,0.11605,0.05925,0.11135,0.09095,0.09415,0.05715,0.11075,0.10365,0.12275,0.07715,0.00025,0.11835,-0.00025,0.09165,0.12485,0.06875,0.12335,0.05965,0.11625,0.06515,0.11225,0.05025
2.5,0.1655,0.1111,0.1349,0.1263,0.1594,0.1047,0.1378,0.1474,0.1605,0.0823,0.1321,0.1493,0.2263,0.1096,0.1365,0.1204,0.1409,0.1176,0.1253,0.1296,0.1376,0.0955,0.1362,0.1399,0.1416,0.0526,0.1175,0.0903,0.1215,0.0395,0.1236,0.113,0.1472,0.0433,0.1095,0.0992,0.2134,0.0443,0.1256,0.0997,0.1328,0.0539,0.1294,0.0988,0.109,0.0449,0.1275,0.1182,0.1455,0.0916,0.0004,0.1396,-0.0004,0.1087,0.1474,0.082,0.142,0.0548,0.1333,0.0563,0.1312,0.047
2.75,0.1924,0.1299,0.1592,0.1482,0.1842,0.1205,0.1606,0.1708,0.1877,0.0991,0.1535,0.1733,0.2584,0.1269,0.1591,0.1413,0.1654,0.1369,0.1479,0.1517,0.1606,0.1125,0.1576,0.1633,0.1605,0.0457,0.1354,0.0956,0.141,0.0207,0.1415,0.1291,0.1661,0.0399,0.125,0.1044,0.2426,0.0252,0.1428,0.114,0.1501,0.0484,0.1486,0.103,0.1248,0.0251,0.1462,0.1336,0.1712,0.1078,0.0004,0.1638,-0.0004,0.1271,0.1735,0.0969,0.1613,0.0417,0.151,0.0352,0.1497,0.0349
3,0.2236,0.1521,0.1864,0.1726,0.2128,0.1394,0.1882,0.1981,0.2187,0.118,0.1788,0.2008,0.2961,0.1471,0.1852,0.1659,0.1939,0.1587,0.174,0.1772,0.1874,0.1322,0.1836,0.19,0.1802,0.0417,0.1551,0.0992,0.1618,0.009,0.1614,0.1458,0.1867,0.0367,0.141,0.1071,0.2733,0.0121,0.1616,0.1294,0.1692,0.0448,0.17,0.1039,0.1442,0.0133,0.1663,0.151,0.2003,0.1269,0.0006,0.1912,-0.0006,0.1473,0.2034,0.1153,0.1819,0.0288,0.1703,0.0195,0.1709,0.023
3.25,0.25935,0.17685,0.21765,0.20135,0.24495,0.16165,0.21825,0.22785,0.25245,0.13855,0.20765,0.23095,0.33605,0.16925,0.21455,0.19305,0.22665,0.18245,0.20255,0.20595,0.21665,0.15385,0.21275,0.21945,0.20115,0.03945,0.17555,0.10035,0.18245,0.00505,0.18275,0.16215,0.20825,0.03505,0.15805,0.10785,0.30495,0.00765,0.18305,0.14435,0.18855,0.04275,0.19175,0.10305,0.16215,0.00935,0.18705,0.16735,0.23295,0.14905,0.00045,0.22295,-0.00045,0.17155,0.23695,0.13645,0.20385,0.02125,0.18955,0.01265,0.19235,0.01625
3.5,0.29775,0.20445,0.25145,0.23205,0.27965,0.18605,0.25165,0.26085,0.29025,0.16185,0.23955,0.26435,0.37665,0.19505,0.24575,0.22275,0.26365,0.21085,0.23545,0.23755,0.24985,0.17725,0.24385,0.25175,0.22335,0.03685,0.19675,0.09735,0.20355,0.00265,0.20325,0.17985,0.22985,0.03265,0.17655,0.10515,0.33675,0.00515,0.20365,0.16065,0.20785,0.04065,0.21415,0.09805,0.18025,0.00705,0.20755,0.18535,0.27005,0.17355,0.00055,0.25795,-0.00055,0.19895,0.27475,0.15995,0.22605,0.01645,0.20905,0.00935,0.21445,0.01245
3.75,0.3379,0.2366,0.2871,0.2678,0.3175,0.2139,0.2873,0.2946,0.3308,0.1878,0.2732,0.3009,0.4122,0.2253,0.281,0.256,0.3015,0.2424,0.2694,0.2741,0.2856,0.205,0.2765,0.2866,0.2424,0.0354,0.2139,0.0913,0.2241,0.0012,0.2233,0.1972,0.2475,0.0312,0.1916,0.0987,0.3684,0.0041,0.2249,0.1768,0.2229,0.0394,0.2325,0.091,0.1989,0.0054,0.2292,0.2025,0.3086,0.202,0.0008,0.295,-0.0008,0.231,0.3143,0.1866,0.2438,0.0147,0.2246,0.0072,0.2329,0.0104
4,0.37325,0.27155,0.32645,0.30455,0.35565,0.24555,0.32525,0.33435,0.36645,0.21865,0.31255,0.34055,0.42465,0.25845,0.31715,0.29025,0.33935,0.27595,0.30835,0.31085,0.32545,0.23595,0.31385,0.32405,0.26155,0.03555,0.23025,0.08165,0.24155,0.00125,0.24085,0.21235,0.26535,0.03105,0.20595,0.08895,0.39485,0.00425,0.24315,0.19125,0.23905,0.03845,0.24935,0.08155,0.21355,0.00595,0.24635,0.21815,0.35055,0.23375,0.00045,0.33725,-0.00045,0.26355,0.35665,0.21735,0.26245,0.01355,0.24075,0.00675,0.25175,0.00955
4.25,0.39935,0.31125,0.36075,0.34105,0.39325,0.27895,0.35875,0.36665,0.39765,0.25215,0.34845,0.37355,0.44475,0.29345,0.35255,0.32625,0.37315,0.31505,0.34235,0.34505,0.36065,0.26835,0.34835,0.35565,0.27545,0.03475,0.23925,0.07035,0.25345,0.00115,0.25865,0.22895,0.27845,0.03035,0.21715,0.07745,0.41665,0.00395,0.26125,0.20625,0.24965,0.03815,0.25915,0.07155,0.22445,0.00615,0.26445,0.23565,0.39175,0.26705,0.00065,0.37875,-0.00065,0.30075,0.39765,0.25105,0.27525,0.01265,0.25075,0.00635,0.26625,0.00885
4.5,0.41545,0.34735,0.38995,0.37265,0.40785,0.31415,0.39085,0.40085,0.41295,0.29015,0.37835,0.40565,0.46305,0.32895,0.38325,0.35805,0.39635,0.35135,0.37475,0.37695,0.39775,0.30595,0.37795,0.38975,0.28125,0.03435,0.24085,0.06075,0.26075,0.00035,0.27405,0.24425,0.28315,0.02975,0.22165,0.06715,0.41685,0.00315,0.27745,0.21955,0.25405,0.03765,0.25985,0.06275,0.23125,0.00515,0.27865,0.24985,0.41075,0.30255,0.00055,0.40685,-0.00055,0.33665,0.41385,0.28895,0.27875,0.01235,0.25245,0.00645,0.27215,0.00855
4.75,0.4361,0.3797,0.4017,0.4037,0.4261,0.3469,0.4085,0.4182,0.4333,0.3259,0.4068,0.4216,0.4783,0.3624,0.4088,0.3894,0.4146,0.3838,0.3919,0.4048,0.4114,0.3403,0.3944,0.4103,0.2799,0.034,0.2359,0.0533,0.2608,0.0006,0.2895,0.2596,0.2803,0.0298,0.2205,0.0577,0.4124,0.0028,0.2938,0.2334,0.252,0.0375,0.2531,0.0558,0.2318,0.0049,0.2941,0.2656,0.4326,0.3385,0.0007,0.4252,-0.0007,0.3694,0.4361,0.3264,0.2753,0.0119,0.2472,0.0059,0.2699,0.0081
5,0.45415,0.40825,0.41935,0.41805,0.44495,0.38105,0.42405,0.43505,0.45185,0.35735,0.42205,0.43865,0.49005,0.39615,0.42375,0.40495,0.43505,0.40495,0.40855,0.42045,0.43095,0.37405,0.40935,0.42755,0.27365,0.03335,0.22655,0.04865,0.25395,-0.00025,0.30265,0.27395,0.27425,0.02875,0.21545,0.05125,0.41185,0.00205,0.30695,0.24575,0.24585,0.03665,0.24195,0.05105,0.22535,0.00385,0.30475,0.27995,0.45705,0.37185,0.00065,0.45045,-0.00065,0.39565,0.46055,0.36725,0.26625,0.01165,0.23685,0.00575,0.26255,0.00765
5.25,0.47065,0.42705,0.43725,0.43655,0.46045,0.39845,0.44145,0.44875,0.46855,0.39715,0.44125,0.45615,0.50405,0.41365,0.44215,0.42075,0.45195,0.42275,0.42685,0.43935,0.44935,0.39505,0.42675,0.44105,0.26255,0.03315,0.21335,0.04495,0.24065,-0.00065,0.31515,0.28695,0.26105,0.02865,0.20765,0.04645,0.41015,0.00185,0.31955,0.25725,0.23535,0.03665,0.22715,0.04805,0.21485,0.00365,0.31745,0.29325,0.48035,0.38855,0.00045,0.47355,-0.00045,0.41235,0.48345,0.39945,0.25335,0.01125,0.22455,0.00605,0.25135,0.00745
5.5,0.48125,0.44605,0.45275,0.45185,0.47435,0.41585,0.45305,0.46335,0.48015,0.41375,0.45745,0.47085,0.51955,0.43185,0.45485,0.43475,0.46435,0.44045,0.44425,0.45605,0.46425,0.41195,0.44025,0.45585,0.24825,0.03285,0.20055,0.04275,0.22325,0.00035,0.32755,0.30005,0.24645,0.02865,0.19965,0.04345,0.40635,0.00215,0.33315,0.26995,0.22045,0.03675,0.21395,0.04635,0.20055,0.00425,0.32965,0.30595,0.50175,0.40705,0.00075,0.49565,-0.00075,0.43075,0.50445,0.41705,0.23205,0.01105,0.20535,0.00565,0.23225,0.00765
5.75,0.4948,0.4587,0.4634,0.4628,0.4869,0.4303,0.466,0.4771,0.4932,0.4339,0.4682,0.4818,0.5373,0.4434,0.4683,0.4474,0.4789,0.4566,0.457,0.468,0.4786,0.4291,0.4519,0.47,0.2293,0.0324,0.1869,0.0412,0.2035,0.0001,0.3366,0.3085,0.2269,0.0285,0.1879,0.0416,0.3998,0.0017,0.344,0.2784,0.2015,0.0367,0.1994,0.0454,0.1836,0.0043,0.3383,0.3164,0.5211,0.425,0.001,0.5162,-0.001,0.4439,0.5239,0.4408,0.211,0.0113,0.1854,0.0054,0.213,0.0075
6,0.51145,0.47065,0.47115,0.47495,0.49995,0.44365,0.47845,0.48955,0.50925,0.44515,0.48065,0.49365,0.54555,0.45925,0.48095,0.46085,0.49375,0.46535,0.46595,0.47965,0.49215,0.44065,0.46295,0.48355,0.21075,0.03285,0.17475,0.03955,0.18775,-0.00015,0.34565,0.31945,0.20865,0.02825,0.17905,0.03945,0.39335,0.00125,0.35285,0.28805,0.18615,0.03665,0.18625,0.04425,0.16905,0.00405,0.34645,0.32445,0.54285,0.44165,0.00095,0.53695,-0.00095,0.45425,0.54555,0.46405,0.19165,0.01105,0.16705,0.00535,0.19235,0.00715
6.25,0.5297,0.4837,0.4847,0.4873,0.5163,0.4574,0.4891,0.5023,0.5266,0.4602,0.4951,0.5071,0.5444,0.474,0.4928,0.4745,0.511,0.4745,0.4775,0.4925,0.5064,0.454,0.4749,0.4952,0.1924,0.0322,0.1645,0.0386,0.1735,-0.0007,0.3548,0.3311,0.1915,0.0274,0.1715,0.0381,0.3868,0.0003,0.3637,0.3005,0.171,0.036,0.177,0.0435,0.1571,0.003,0.3551,0.3373,0.5597,0.4555,0.001,0.5534,-0.001,0.4664,0.5604,0.4846,0.175,0.0108,0.1531,0.0052,0.175,0.0067
6.5,0.53555,0.49805,0.50235,0.50175,0.53395,0.47175,0.50345,0.51545,0.53405,0.47535,0.51095,0.52365,0.54265,0.48835,0.50645,0.48635,0.52175,0.48755,0.49415,0.50845,0.52245,0.46835,0.48785,0.50975,0.17855,0.03215,0.15545,0.03815,0.16135,-0.00075,0.36325,0.33655,0.17825,0.02765,0.16295,0.03735,0.37785,0.00035,0.37285,0.30585,0.15995,0.03615,0.16785,0.04315,0.14695,0.00325,0.36355,0.34275,0.56015,0.46615,0.00075,0.55895,-0.00075,0.47985,0.56085,0.50665,0.16225,0.01105,0.14245,0.00585,0.16115,0.00685
6.75,0.53115,0.51395,0.52015,0.51905,0.53485,0.48595,0.51965,0.53185,0.52935,0.49115,0.52875,0.54135,0.54335,0.50285,0.52135,0.50075,0.52125,0.50225,0.51235,0.52545,0.53185,0.48165,0.50255,0.52525,0.16445,0.03185,0.14725,0.03745,0.15115,-0.00025,0.37015,0.34315,0.16525,0.02715,0.15615,0.03675,0.36865,0.00065,0.37995,0.31125,0.14885,0.03565,0.16015,0.04275,0.13705,0.00305,0.36075,0.34975,0.56275,0.47915,0.00105,0.56075,-0.00105,0.49545,0.56405,0.52675,0.15085,0.01075,0.13255,0.00495,0.14925,0.00645
7,0.5297,0.5301,0.5286,0.5367,0.534,0.5015,0.5313,0.5365,0.528,0.5061,0.5349,0.5472,0.5436,0.5196,0.5338,0.5169,0.5186,0.5186,0.5252,0.5358,0.5301,0.4967,0.5147,0.5287,0.1558,0.0325,0.1413,0.0375,0.1434,-0.0009,0.3656,0.3532,0.1564,0.0275,0.1518,0.0368,0.361,0.0003,0.3899,0.3211,0.1414,0.0359,0.1556,0.043,0.1303,0.003,0.3591,0.3604,0.5668,0.4961,0.0005,0.5645,-0.0005,0.5095,0.5676,0.5431,0.142,0.011,0.125,0.0051,0.1401,0.0062
7.25,0.531,0.5311,0.5272,0.5341,0.5341,0.5122,0.529,0.5345,0.5289,0.5224,0.5329,0.5452,0.5452,0.5219,0.5324,0.5228,0.5194,0.5248,0.5246,0.5338,0.5297,0.5102,0.5143,0.5272,0.1471,0.0321,0.1358,0.0373,0.136,-0.0001,0.3664,0.3591,0.1483,0.0274,0.1462,0.0364,0.3496,0.0011,0.3842,0.3266,0.1348,0.0362,0.1496,0.0426,0.1235,0.0039,0.3596,0.3651,0.5703,0.508,0.0006,0.5664,-0.0006,0.5089,0.5708,0.5429,0.1349,0.0111,0.1189,0.0057,0.1325,0.0066
7.5,0.5311,0.526,0.5263,0.5323,0.5336,0.5087,0.526,0.5328,0.5285,0.5205,0.5313,0.544,0.5493,0.5187,0.5304,0.5212,0.5197,0.5203,0.5212,0.5318,0.5287,0.5102,0.5131,0.5257,0.1387,0.031,0.1313,0.0362,0.1291,-0.0011,0.3697,0.3666,0.1403,0.0263,0.1427,0.0352,0.3394,0,0.3884,0.3331,0.1272,0.0351,0.1455,0.0417,0.1172,0.0032,0.3624,0.3652,0.5743,0.5029,0.0011,0.5708,-0.0011,0.5048,0.576,0.544,0.1282,0.0103,0.1127,0.0047,0.1245,0.0055
7.75,0.5319,0.5263,0.5274,0.5324,0.5349,0.5064,0.5273,0.533,0.5295,0.5186,0.5327,0.5443,0.5488,0.5169,0.5295,0.5202,0.5212,0.5187,0.5225,0.5319,0.5303,0.5099,0.5131,0.5262,0.1327,0.0315,0.128,0.0364,0.1234,-0.0005,0.3707,0.361,0.1348,0.0269,0.1405,0.035,0.3294,0.0003,0.3911,0.3379,0.1224,0.0353,0.1427,0.0417,0.1131,0.0033,0.3626,0.3591,0.5792,0.4977,0.0005,0.577,-0.0005,0.5025,0.5807,0.5491,0.1236,0.0103,0.1085,0.005,0.1196,0.0057
8,0.53295,0.52635,0.52895,0.53305,0.53605,0.50405,0.52785,0.53495,0.53055,0.51775,0.53405,0.54555,0.54815,0.51515,0.53095,0.52025,0.52265,0.51895,0.52405,0.53365,0.53155,0.50715,0.51415,0.52755,0.12835,0.03215,0.12475,0.03685,0.11835,-0.00005,0.37305,0.36005,0.13045,0.02705,0.13755,0.03535,0.31905,0.00075,0.39645,0.34315,0.11915,0.03525,0.13975,0.04185,0.10925,0.00355,0.36475,0.36115,0.58395,0.49605,0.00065,0.58175,-0.00065,0.50265,0.58515,0.54955,0.12005,0.01015,0.10565,0.00475,0.11575,0.00605
8.25,0.53595,0.52695,0.52975,0.53405,0.53835,0.50175,0.52835,0.53995,0.53445,0.51845,0.53505,0.54925,0.54715,0.51365,0.53125,0.52135,0.52235,0.51935,0.52465,0.53545,0.53265,0.50285,0.51905,0.53415,0.12355,0.03175,0.12315,0.03605,0.11415,-0.00055,0.37595,0.36255,0.12585,0.02715,0.13665,0.03495,0.30785,0.00055,0.40025,0.35035,0.11485,0.03495,0.13765,0.04155,0.10525,0.00315,0.36715,0.36515,0.58585,0.49615,0.00065,0.58525,-0.00065,0.50235,0.58745,0.54955,0.11605,0.01045,0.10205,0.00505,0.11175,0.00575
8.5,0.53265,0.52695,0.53485,0.53765,0.53745,0.49985,0.53425,0.54105,0.53095,0.51805,0.53885,0.55235,0.54625,0.51245,0.53655,0.52815,0.52325,0.51915,0.53475,0.54415,0.53515,0.50055,0.52015,0.53505,0.11915,0.03175,0.12035,0.03605,0.10915,-0.00015,0.37715,0.36295,0.12175,0.02715,0.13395,0.03475,0.29645,0.00085,0.40225,0.34985,0.11195,0.03535,0.13565,0.04155,0.10215,0.00355,0.36675,0.36365,0.58835,0.49525,0.00065,0.58645,-0.00065,0.50105,0.58845,0.54625,0.11345,0.01045,0.09915,0.00535,0.10805,0.00595
8.75,0.532,0.5265,0.5329,0.5398,0.5369,0.5015,0.5334,0.542,0.5301,0.5176,0.5401,0.5509,0.5451,0.512,0.5374,0.5288,0.523,0.5193,0.5324,0.5426,0.5347,0.5015,0.5206,0.536,0.1156,0.0322,0.1182,0.0364,0.1057,-0.0003,0.378,0.3646,0.1186,0.0275,0.1317,0.0352,0.2855,0.001,0.4056,0.3466,0.1093,0.0355,0.1336,0.0416,0.0993,0.0036,0.3681,0.3659,0.59,0.4926,0.0008,0.5877,-0.0008,0.4997,0.5906,0.5419,0.1107,0.0103,0.0972,0.0052,0.1054,0.0061
9,0.5319,0.5326,0.5296,0.5388,0.5361,0.499,0.534,0.5415,0.5294,0.5175,0.5383,0.5498,0.5445,0.5107,0.5372,0.5281,0.5228,0.5287,0.5292,0.54,0.5343,0.502,0.5204,0.5354,0.112,0.0318,0.1169,0.036,0.1018,-0.0003,0.3813,0.3668,0.1155,0.0272,0.1312,0.0346,0.2752,0.0008,0.4103,0.348,0.1063,0.0354,0.1327,0.0414,0.0965,0.0033,0.3711,0.368,0.5901,0.4937,0.0007,0.5884,-0.0007,0.4974,0.5902,0.5358,0.1085,0.0106,0.0946,0.0051,0.1023,0.0058
9.25,0.53145,0.52875,0.52915,0.53685,0.53495,0.49495,0.53365,0.54105,0.52955,0.52105,0.53655,0.54835,0.54355,0.50675,0.53735,0.52855,0.52335,0.52605,0.52705,0.53825,0.53335,0.49865,0.52075,0.53455,0.10885,0.03235,0.11595,0.03575,0.09785,-0.00045,0.38395,0.36685,0.11215,0.02765,0.12985,0.03435,0.26485,0.00075,0.41455,0.34915,0.10375,0.03505,0.13175,0.04085,0.09365,0.00325,0.37215,0.36885,0.58845,0.48785,0.00095,0.58795,-0.00095,0.49305,0.58865,0.53005,0.10585,0.01065,0.09245,0.00525,0.10005,0.00585
9.5,0.5319,0.5242,0.5288,0.5359,0.5336,0.4899,0.5326,0.5397,0.5299,0.5152,0.5364,0.547,0.5421,0.5024,0.5371,0.5273,0.5234,0.518,0.5251,0.5362,0.5325,0.4994,0.5201,0.5332,0.1072,0.0322,0.1143,0.0358,0.096,-0.0005,0.3848,0.3694,0.1103,0.0278,0.1284,0.0346,0.2558,0.0007,0.4158,0.3531,0.1024,0.0351,0.1306,0.0413,0.0914,0.0035,0.3724,0.3713,0.5883,0.4826,0.0007,0.5878,-0.0007,0.49,0.5888,0.5247,0.105,0.0106,0.0913,0.0052,0.0985,0.0059
9.75,0.53,0.5198,0.5279,0.5338,0.5321,0.4852,0.5299,0.5373,0.5277,0.512,0.5353,0.545,0.5402,0.4982,0.5341,0.525,0.5215,0.5124,0.5234,0.5347,0.5311,0.4864,0.5176,0.5309,0.1041,0.0309,0.1132,0.035,0.0929,-0.0012,0.3862,0.3692,0.1075,0.0267,0.1277,0.0337,0.2461,0,0.4194,0.3538,0.0995,0.0342,0.1303,0.0403,0.0887,0.0024,0.3739,0.3727,0.5857,0.4776,0.0012,0.5859,-0.0012,0.4857,0.5863,0.5188,0.1024,0.0099,0.0885,0.0043,0.0956,0.0051
10,0.5291,0.5182,0.5271,0.5325,0.5312,0.4813,0.5299,0.5359,0.5273,0.5103,0.5346,0.5439,0.54,0.4949,0.5332,0.5235,0.5212,0.5102,0.5229,0.534,0.532,0.4869,0.5167,0.5293,0.1018,0.0313,0.1129,0.0348,0.0916,-0.0014,0.3876,0.3719,0.1056,0.0267,0.1269,0.0329,0.2375,-0.0001,0.42,0.3556,0.0979,0.0341,0.1303,0.0401,0.0869,0.0021,0.3735,0.3734,0.583,0.4746,0.0012,0.5837,-0.0012,0.4828,0.5832,0.51,0.101,0.0098,0.0872,0.0045,0.0936,0.005
10.25,0.52905,0.51635,0.52705,0.53025,0.53015,0.47905,0.53005,0.53645,0.52745,0.50855,0.53425,0.54255,0.53905,0.49245,0.53325,0.52405,0.52175,0.50775,0.52265,0.53195,0.53095,0.48505,0.51675,0.52935,0.10025,0.03245,0.11185,0.03545,0.08985,-0.00035,0.38945,0.37215,0.10445,0.02765,0.12565,0.03395,0.22985,0.00085,0.42315,0.35725,0.09695,0.03435,0.13015,0.04045,0.08505,0.00305,0.37505,0.37305,0.58135,0.47025,0.00065,0.58285,-0.00065,0.47995,0.58175,0.49955,0.10055,0.00985,0.08685,0.00475,0.09325,0.00575
10.5,0.52815,0.51475,0.52605,0.52825,0.52865,0.47405,0.52805,0.53475,0.52665,0.50565,0.53355,0.54055,0.53745,0.48835,0.53165,0.52285,0.52105,0.50545,0.52245,0.53015,0.52955,0.46975,0.51445,0.52825,0.09805,0.03185,0.11175,0.03485,0.08745,-0.00145,0.38955,0.37275,0.10205,0.02745,0.12605,0.03375,0.22125,-0.00035,0.42575,0.35915,0.09515,0.03385,0.13015,0.03995,0.08265,0.00175,0.37405,0.37335,0.57895,0.46675,0.00065,0.57955,-0.00065,0.47595,0.57835,0.48905,0.09895,0.01005,0.08515,0.00475,0.09145,0.00525
10.75,0.52735,0.51295,0.52595,0.52645,0.52755,0.47155,0.52765,0.53385,0.52675,0.50285,0.53335,0.53825,0.53605,0.48565,0.53175,0.52045,0.51995,0.50345,0.52155,0.52735,0.52865,0.47195,0.51445,0.52615,0.09645,0.03245,0.11175,0.03525,0.08685,-0.00055,0.39065,0.37285,0.10105,0.02775,0.12505,0.03395,0.21395,0.00075,0.42725,0.36105,0.09445,0.03465,0.13105,0.04015,0.08205,0.00215,0.37685,0.37645,0.57535,0.46365,0.00065,0.57755,-0.00065,0.47285,0.57565,0.47825,0.09845,0.01035,0.08485,0.00505,0.09035,0.00575
11,0.5259,0.5106,0.5252,0.5245,0.5262,0.4675,0.526,0.5325,0.5258,0.5003,0.5332,0.5366,0.5352,0.4823,0.5309,0.5193,0.5193,0.5009,0.521,0.5269,0.5274,0.4635,0.5133,0.5252,0.0944,0.0323,0.1117,0.0355,0.0857,-0.0009,0.3908,0.3745,0.0992,0.0281,0.1248,0.034,0.209,0.0007,0.4296,0.363,0.093,0.0346,0.1324,0.0404,0.0807,0.0027,0.3773,0.3766,0.5729,0.4596,0.0007,0.5746,-0.0007,0.4698,0.5725,0.4666,0.0975,0.0104,0.0842,0.005,0.0893,0.0058
11.25,0.5248,0.508,0.5239,0.5218,0.5245,0.4639,0.5254,0.5315,0.5249,0.4973,0.5316,0.5342,0.5334,0.4791,0.5293,0.5181,0.5185,0.4983,0.5198,0.5241,0.5263,0.4613,0.5113,0.5244,0.092,0.0322,0.1123,0.0351,0.0847,-0.0015,0.3917,0.376,0.0977,0.0276,0.1248,0.0342,0.2038,0,0.4317,0.3655,0.0918,0.0341,0.1327,0.0398,0.0792,0.0018,0.3767,0.3767,0.571,0.4566,0.0006,0.571,-0.0006,0.4661,0.5708,0.4565,0.0959,0.0105,0.083,0.005,0.0883,0.0055
11.5,0.52365,0.50585,0.52335,0.51965,0.52325,0.46145,0.52445,0.53085,0.52395,0.49495,0.53095,0.53205,0.53215,0.47685,0.52985,0.51775,0.51685,0.49575,0.51925,0.52235,0.52485,0.45985,0.51055,0.52365,0.09095,0.03255,0.11275,0.03525,0.08405,-0.00085,0.39595,0.37615,0.09655,0.02785,0.12475,0.03445,0.19815,0.00005,0.43435,0.36615,0.09105,0.03465,0.13445,0.04035,0.07825,0.00245,0.38025,0.37835,0.56725,0.45315,0.00055,0.56785,-0.00055,0.46275,0.56955,0.44645,0.09575,0.00995,0.08245,0.00525,0.08785,0.00575
11.75,0.5221,0.5025,0.5219,0.517,0.5214,0.4572,0.5238,0.5299,0.5224,0.491,0.5304,0.53,0.5306,0.4727,0.5277,0.5162,0.5152,0.4926,0.5182,0.5197,0.523,0.4521,0.5088,0.5226,0.0886,0.0318,0.1134,0.0355,0.0826,-0.0012,0.3939,0.3763,0.0953,0.0275,0.125,0.035,0.193,0.0003,0.4327,0.3667,0.09,0.0341,0.1366,0.0405,0.0748,0.0022,0.3773,0.3776,0.5659,0.4495,0.0006,0.5665,-0.0006,0.4597,0.5665,0.4366,0.0948,0.0103,0.0816,0.0049,0.0866,0.0053
12,0.5207,0.5006,0.5215,0.5152,0.5198,0.4542,0.5232,0.5284,0.5211,0.4887,0.5294,0.5277,0.5291,0.4701,0.5269,0.5147,0.514,0.4904,0.5174,0.5174,0.5218,0.4474,0.508,0.5212,0.087,0.0324,0.114,0.0362,0.0824,-0.0011,0.3958,0.377,0.0945,0.0277,0.125,0.0356,0.1892,0.0002,0.4358,0.3691,0.0891,0.0341,0.138,0.0408,0.0735,0.0022,0.379,0.3788,0.5637,0.4466,0.0007,0.5647,-0.0007,0.4566,0.564,0.4275,0.0942,0.0101,0.0812,0.0047,0.0859,0.0055
12.25,0.51805,0.49765,0.51985,0.51285,0.51775,0.45075,0.52225,0.52765,0.51885,0.48515,0.52845,0.52605,0.52695,0.46735,0.52635,0.51425,0.51125,0.48685,0.51655,0.51575,0.51935,0.45065,0.50685,0.52075,0.08485,0.03195,0.11455,0.03625,0.08045,-0.00155,0.39505,0.37725,0.09325,0.02725,0.12585,0.03615,0.18425,0.00005,0.43585,0.36885,0.08805,0.03385,0.13985,0.04075,0.07155,0.00205,0.37835,0.37775,0.55925,0.44285,0.00075,0.56045,-0.00075,0.45315,0.55855,0.42065,0.09315,0.01015,0.08035,0.00465,0.08475,0.00505
12.5,0.51745,0.49535,0.51915,0.51045,0.51645,0.44755,0.52145,0.52645,0.51815,0.48265,0.52775,0.52365,0.52615,0.46425,0.52535,0.51245,0.51065,0.48485,0.51595,0.51355,0.51825,0.44305,0.50585,0.51925,0.08385,0.03215,0.11535,0.03725,0.07975,-0.00155,0.39465,0.37675,0.09255,0.02755,0.12645,0.03795,0.17975,-0.00005,0.43515,0.37015,0.08795,0.03405,0.14145,0.04145,0.07045,0.00195,0.37795,0.37865,0.55555,0.44045,0.00075,0.55625,-0.00075,0.45075,0.55505,0.41055,0.09395,0.01035,0.08045,0.00455,0.08485,0.00525
12.75,0.51575,0.49305,0.51785,0.50825,0.51435,0.44475,0.52095,0.52645,0.51635,0.48005,0.52635,0.52165,0.52435,0.46095,0.52415,0.51195,0.50965,0.48215,0.51495,0.51145,0.51655,0.43825,0.50525,0.51935,0.08135,0.03205,0.11525,0.03775,0.07875,-0.00215,0.39545,0.37735,0.08965,0.02715,0.12655,0.03865,0.17465,-0.00055,0.43565,0.37045,0.08645,0.03365,0.14235,0.04155,0.06945,0.00165,0.37845,0.37905,0.55095,0.43685,0.00045,0.55215,-0.00045,0.44775,0.55055,0.40025,0.09245,0.00985,0.07935,0.00455,0.08335,0.00475
13,0.51425,0.49105,0.51755,0.50705,0.51285,0.44235,0.52055,0.52545,0.51575,0.47805,0.52635,0.52045,0.52345,0.45915,0.52395,0.51185,0.50805,0.48005,0.51425,0.51005,0.51545,0.43615,0.50385,0.51835,0.08045,0.03235,0.11615,0.03985,0.07775,-0.00215,0.39655,0.37705,0.08885,0.02765,0.12845,0.04165,0.17165,-0.00065,0.43805,0.36985,0.08715,0.03375,0.14415,0.04365,0.06935,0.00165,0.37845,0.37705,0.54825,0.43475,0.00085,0.54835,-0.00085,0.44565,0.54775,0.39235,0.09295,0.00955,0.07955,0.00455,0.08395,0.00505
13.25,0.5135,0.4891,0.517,0.5051,0.5118,0.4401,0.5207,0.5256,0.5147,0.4758,0.5257,0.5182,0.523,0.4568,0.5232,0.5113,0.5065,0.4782,0.5135,0.5081,0.5145,0.429,0.5031,0.5181,0.0799,0.033,0.1168,0.0417,0.0766,-0.0012,0.3973,0.3769,0.0873,0.028,0.1293,0.0442,0.1682,0.0003,0.438,0.3704,0.0873,0.0342,0.1468,0.0454,0.0698,0.0027,0.3801,0.3782,0.5435,0.4324,0.0006,0.5404,-0.0006,0.4427,0.5395,0.3815,0.0933,0.0103,0.08,0.0049,0.0844,0.0053
13.5,0.51185,0.48665,0.51565,0.50355,0.51015,0.43775,0.51945,0.52535,0.51335,0.47335,0.52445,0.51675,0.52175,0.45405,0.52225,0.51165,0.50575,0.47655,0.51235,0.50655,0.51325,0.43075,0.50245,0.51825,0.07845,0.03255,0.11755,0.04385,0.07625,-0.00165,0.39855,0.37755,0.08605,0.02775,0.13015,0.04715,0.16345,-0.00015,0.43775,0.37045,0.08705,0.03435,0.14975,0.04765,0.06995,0.00305,0.38055,0.37825,0.53515,0.43025,0.00085,0.53835,-0.00085,0.44005,0.53795,0.37075,0.09295,0.01025,0.07965,0.00515,0.08395,0.00515
13.75,0.51075,0.48505,0.51535,0.50205,0.50865,0.43535,0.51885,0.52435,0.51195,0.47055,0.52365,0.51525,0.52045,0.45215,0.52235,0.51005,0.50385,0.47355,0.51145,0.50485,0.51185,0.42765,0.50205,0.51735,0.07745,0.03285,0.11865,0.04705,0.07675,-0.00145,0.39965,0.37755,0.08405,0.02805,0.13045,0.05145,0.16005,0.00035,0.43885,0.37085,0.08645,0.03405,0.15355,0.05055,0.06995,0.00265,0.38125,0.37885,0.52825,0.42635,0.00085,0.53115,-0.00085,0.43795,0.53355,0.35995,0.09285,0.00995,0.07945,0.00475,0.08375,0.00505
14,0.5087,0.4824,0.5142,0.5001,0.5068,0.4328,0.5182,0.5232,0.5103,0.4681,0.5227,0.5136,0.5198,0.4496,0.5223,0.5088,0.5019,0.4709,0.5106,0.5033,0.5104,0.4282,0.5021,0.516,0.077,0.0324,0.1208,0.0505,0.0757,-0.0019,0.402,0.3767,0.0822,0.0279,0.1311,0.0557,0.1565,0.0001,0.4403,0.3697,0.0865,0.0338,0.1579,0.0537,0.0705,0.0032,0.3826,0.3789,0.5236,0.4251,0.0008,0.526,-0.0008,0.4354,0.5261,0.3503,0.0929,0.0095,0.0797,0.0047,0.0839,0.0046
14.25,0.5066,0.4799,0.5126,0.498,0.5044,0.43,0.5167,0.5222,0.5086,0.4657,0.5215,0.5118,0.5181,0.4465,0.5215,0.5082,0.5003,0.4681,0.5095,0.5011,0.5074,0.4227,0.5008,0.5148,0.0755,0.0321,0.1226,0.0544,0.0747,-0.0025,0.4005,0.3782,0.0805,0.0272,0.1307,0.0606,0.1529,-0.0006,0.4385,0.3702,0.0859,0.0334,0.1625,0.0577,0.0703,0.0021,0.3825,0.3806,0.5162,0.4215,0.0004,0.5209,-0.0004,0.4325,0.519,0.3385,0.0927,0.0101,0.0782,0.0046,0.0832,0.0037
14.5,0.50555,0.47865,0.51165,0.49695,0.50265,0.42805,0.51635,0.52275,0.50725,0.46365,0.52055,0.51105,0.51665,0.44485,0.52135,0.50805,0.49895,0.46645,0.50935,0.50085,0.50615,0.41665,0.50045,0.51555,0.07535,0.03215,0.12545,0.06005,0.07465,-0.00265,0.40105,0.37895,0.08005,0.02785,0.13155,0.06745,0.15055,-0.00045,0.43915,0.37105,0.08585,0.03385,0.16765,0.06285,0.07125,0.00245,0.38285,0.38045,0.51125,0.42005,0.00085,0.51165,-0.00085,0.43095,0.51355,0.32745,0.09355,0.01005,0.07815,0.00525,0.08375,0.00355
14.75,0.50415,0.47635,0.51065,0.49545,0.50125,0.42645,0.51585,0.52105,0.50595,0.46125,0.51905,0.51025,0.51525,0.44295,0.52005,0.50615,0.49725,0.46425,0.50745,0.49995,0.50435,0.41195,0.49955,0.51505,0.07435,0.03235,0.12695,0.06625,0.07395,-0.00245,0.40265,0.37785,0.07865,0.02765,0.13215,0.07425,0.14875,-0.00045,0.44065,0.37085,0.08555,0.03375,0.17225,0.06855,0.07115,0.00255,0.38355,0.38055,0.50855,0.41715,0.00085,0.51105,-0.00085,0.42855,0.50785,0.31735,0.09395,0.00985,0.07945,0.00495,0.08435,0.00345
15,0.5026,0.4744,0.5104,0.4941,0.4997,0.4256,0.5156,0.5212,0.5047,0.4594,0.5193,0.5094,0.5135,0.4415,0.5189,0.5059,0.4961,0.4615,0.5078,0.4994,0.503,0.4135,0.4993,0.5153,0.0736,0.0326,0.1284,0.0732,0.0735,-0.0021,0.4014,0.3772,0.0774,0.0282,0.1337,0.0821,0.1457,-0.0001,0.4376,0.3697,0.086,0.0341,0.1785,0.0753,0.0722,0.0028,0.3834,0.3802,0.5051,0.4155,0.0006,0.5072,-0.0006,0.427,0.5059,0.3074,0.0946,0.0104,0.0793,0.005,0.0846,0.0037
15.25,0.50115,0.47285,0.50985,0.49345,0.49815,0.42575,0.51515,0.52275,0.50395,0.45745,0.51895,0.50865,0.51275,0.44065,0.51915,0.50655,0.49515,0.46035,0.50755,0.49925,0.50285,0.41585,0.49995,0.51705,0.07325,0.03265,0.13065,0.08145,0.07305,-0.00225,0.40225,0.37745,0.07665,0.02765,0.13515,0.09065,0.14275,-0.00005,0.43375,0.36895,0.08585,0.03405,0.18395,0.08285,0.07335,0.00285,0.38295,0.37855,0.49745,0.41385,0.00075,0.49845,-0.00075,0.42535,0.50175,0.29665,0.09505,0.00995,0.07955,0.00505,0.08465,0.00375
15.5,0.5003,0.4711,0.5093,0.4932,0.4969,0.4275,0.5155,0.5221,0.5025,0.4554,0.5184,0.5087,0.5103,0.4417,0.5186,0.5059,0.4938,0.4581,0.5068,0.4987,0.501,0.4237,0.5007,0.5172,0.073,0.0322,0.1341,0.0903,0.0732,-0.0021,0.4042,0.3765,0.0753,0.0279,0.1373,0.1001,0.1413,-0.0004,0.4336,0.3697,0.0863,0.034,0.1912,0.0912,0.0747,0.0025,0.3836,0.3797,0.4923,0.4123,0.0006,0.4954,-0.0006,0.4251,0.4974,0.2861,0.0961,0.0098,0.081,0.0045,0.0855,0.0039
15.75,0.49915,0.46985,0.50895,0.49255,0.49575,0.42795,0.51555,0.52455,0.50125,0.45375,0.51805,0.50805,0.50975,0.44085,0.51975,0.50785,0.49265,0.45715,0.50665,0.49815,0.50055,0.42415,0.50235,0.51915,0.07225,0.03245,0.13645,0.10025,0.07305,-0.00155,0.40445,0.37795,0.07365,0.02795,0.13895,0.11045,0.13885,0.00025,0.43125,0.36955,0.08605,0.03435,0.19795,0.10065,0.07525,0.00315,0.38375,0.37915,0.48885,0.41075,0.00065,0.48755,-0.00065,0.42345,0.49115,0.27515,0.09685,0.00975,0.08175,0.00475,0.08535,0.00425
16,0.49775,0.46895,0.50905,0.49235,0.49415,0.42845,0.51615,0.52505,0.50065,0.45335,0.51825,0.50715,0.50825,0.44115,0.52045,0.50925,0.49175,0.45565,0.50655,0.49735,0.49905,0.41635,0.50345,0.51935,0.07245,0.03235,0.13805,0.11095,0.07295,-0.00195,0.40065,0.37745,0.07225,0.02785,0.14185,0.12075,0.13695,-0.00015,0.42885,0.36925,0.08655,0.03465,0.20635,0.11015,0.07675,0.00275,0.38145,0.37985,0.48445,0.41115,0.00045,0.48505,-0.00045,0.42185,0.48685,0.26315,0.09775,0.00975,0.08335,0.00525,0.08565,0.00475
16.25,0.4972,0.4679,0.5085,0.4926,0.4927,0.4303,0.5176,0.5261,0.4995,0.452,0.5178,0.5071,0.5081,0.4421,0.5218,0.5104,0.4906,0.4543,0.5058,0.4985,0.4984,0.4178,0.5043,0.521,0.0727,0.0324,0.1408,0.1222,0.073,-0.0022,0.3991,0.3774,0.0717,0.0282,0.145,0.1332,0.1346,-0.0004,0.4298,0.3686,0.0861,0.035,0.2148,0.1208,0.0784,0.002,0.3793,0.3766,0.4803,0.4121,0.0005,0.4797,-0.0005,0.4211,0.4806,0.2533,0.0993,0.0102,0.0851,0.0052,0.0852,0.0053
16.5,0.49595,0.46615,0.50795,0.49245,0.49125,0.43075,0.51785,0.52625,0.49945,0.45015,0.51765,0.50705,0.50685,0.44305,0.52365,0.51095,0.48945,0.45225,0.50555,0.49995,0.49745,0.42215,0.50535,0.52065,0.07295,0.03245,0.14425,0.13405,0.07425,-0.00225,0.39475,0.37465,0.07075,0.02785,0.14755,0.14605,0.13335,-0.00065,0.42735,0.36605,0.08585,0.03555,0.22345,0.13195,0.08085,0.00135,0.37545,0.37255,0.47485,0.41155,0.00035,0.47415,-0.00035,0.42295,0.47545,0.24025,0.10015,0.00985,0.08655,0.00505,0.08375,0.00515
16.75,0.4954,0.4651,0.5072,0.4935,0.4899,0.4311,0.5186,0.5272,0.4981,0.4491,0.5158,0.5075,0.5055,0.4451,0.5242,0.5117,0.4879,0.4519,0.5043,0.5015,0.4965,0.4148,0.5067,0.5213,0.0735,0.0328,0.148,0.1467,0.0748,-0.0018,0.3922,0.3692,0.0702,0.0286,0.15,0.1603,0.1315,-0.0008,0.4264,0.3636,0.0862,0.0355,0.2313,0.1442,0.0835,0.0009,0.3729,0.3676,0.471,0.4112,0.0009,0.4713,-0.0009,0.4252,0.471,0.229,0.1022,0.0102,0.0892,0.005,0.0829,0.0058
17,0.49515,0.46545,0.50655,0.49485,0.48845,0.43015,0.51965,0.52695,0.49825,0.44905,0.51495,0.50935,0.50505,0.44725,0.52495,0.51225,0.48835,0.45235,0.50335,0.50285,0.49525,0.42055,0.50705,0.52095,0.07425,0.03235,0.15155,0.15985,0.07485,-0.00225,0.39045,0.36595,0.06955,0.02815,0.15265,0.17415,0.13055,-0.00065,0.42605,0.36295,0.08705,0.03495,0.23985,0.15725,0.08635,0.00225,0.37105,0.36575,0.46775,0.41175,0.00085,0.46675,-0.00085,0.42655,0.46725,0.21545,0.10245,0.00925,0.09195,0.00405,0.08305,0.00605
17.25,0.49195,0.46535,0.50505,0.49585,0.48625,0.42745,0.51855,0.52715,0.49675,0.44885,0.51375,0.51005,0.50315,0.44525,0.52395,0.51165,0.48675,0.45195,0.50195,0.50325,0.49295,0.41535,0.50625,0.52015,0.07205,0.03245,0.15585,0.17395,0.07485,-0.00225,0.38785,0.36515,0.06785,0.02835,0.15615,0.18905,0.12825,-0.00095,0.42545,0.36335,0.08605,0.03495,0.24815,0.17005,0.08805,0.00235,0.36825,0.36485,0.46175,0.41025,0.00125,0.46125,-0.00125,0.42715,0.46235,0.20225,0.10035,0.00955,0.09355,0.00305,0.08185,0.00545
17.5,0.4929,0.4656,0.5045,0.4973,0.4848,0.4263,0.5183,0.5276,0.4961,0.4491,0.5129,0.5114,0.5021,0.4443,0.524,0.5119,0.485,0.4518,0.5014,0.5035,0.4917,0.4086,0.506,0.5208,0.072,0.0326,0.1612,0.1896,0.0756,-0.0021,0.3872,0.3656,0.0673,0.0284,0.1604,0.2049,0.1274,-0.0006,0.4266,0.366,0.086,0.0351,0.2577,0.1852,0.0918,0.0024,0.3665,0.3648,0.4573,0.4104,0.0006,0.4601,-0.0006,0.4277,0.4602,0.1888,0.1003,0.0096,0.0971,0.0028,0.0825,0.0057
17.75,0.4911,0.4658,0.503,0.4982,0.4834,0.4261,0.519,0.5272,0.4953,0.4489,0.5123,0.5122,0.5011,0.4447,0.5241,0.5116,0.4845,0.4515,0.5006,0.5043,0.4903,0.4095,0.5063,0.5203,0.071,0.0326,0.1667,0.206,0.0766,-0.0024,0.3869,0.3625,0.0662,0.0285,0.1642,0.2216,0.1264,-0.0011,0.4266,0.3643,0.0844,0.035,0.2673,0.2007,0.0954,0.0019,0.3658,0.3637,0.4542,0.4101,0.0005,0.456,-0.0005,0.4269,0.4558,0.1759,0.0998,0.0093,0.1008,0.003,0.0821,0.0057
18,0.48865,0.46505,0.50255,0.49735,0.48175,0.42375,0.51945,0.52605,0.49275,0.44795,0.51175,0.51135,0.50005,0.44285,0.52495,0.51135,0.48355,0.45095,0.50085,0.50345,0.48915,0.40825,0.50675,0.51925,0.06905,0.03215,0.17115,0.22275,0.07725,-0.00275,0.38515,0.35845,0.06545,0.02815,0.16795,0.23815,0.12475,-0.00135,0.42685,0.35995,0.08265,0.03455,0.27205,0.21605,0.09915,0.00185,0.36405,0.35795,0.45045,0.40775,0.00055,0.45135,-0.00055,0.42535,0.45095,0.16745,0.09735,0.00995,0.10465,0.00335,0.08245,0.00555
18.25,0.4878,0.4629,0.5011,0.4968,0.4797,0.4209,0.5198,0.5256,0.4916,0.4465,0.5112,0.5113,0.4987,0.4404,0.5246,0.5107,0.4818,0.4478,0.4997,0.5021,0.4868,0.408,0.5057,0.5193,0.0673,0.0312,0.175,0.2398,0.0768,-0.0032,0.3823,0.3572,0.064,0.0269,0.1709,0.2429,0.1228,-0.0017,0.4253,0.3594,0.082,0.0331,0.2743,0.2321,0.1027,0.0013,0.3622,0.3565,0.4459,0.4044,0.0008,0.4448,-0.0008,0.4227,0.4476,0.1585,0.0968,0.0077,0.1075,0.0022,0.0813,0.0047
18.5,0.49025,0.46435,0.50175,0.49705,0.47875,0.42025,0.51935,0.52675,0.49315,0.44675,0.51095,0.51175,0.49885,0.43985,0.52505,0.51225,0.48275,0.44905,0.50095,0.50295,0.48685,0.40375,0.50655,0.52115,0.06795,0.03215,0.18175,0.25905,0.07885,-0.00275,0.38175,0.35935,0.06445,0.02795,0.17695,0.25155,0.12245,-0.00145,0.42605,0.35825,0.08335,0.03435,0.27925,0.24985,0.10805,0.00145,0.36055,0.35665,0.44215,0.40495,0.00035,0.44135,-0.00035,0.42295,0.44475,0.15285,0.09985,0.00945,0.11175,0.00355,0.08355,0.00525
18.75,0.48635,0.46335,0.50075,0.49635,0.47785,0.41825,0.52015,0.52645,0.49035,0.44565,0.51125,0.51115,0.49855,0.43825,0.52465,0.51155,0.48215,0.44755,0.50105,0.50165,0.48555,0.40875,0.50715,0.52005,0.06725,0.03165,0.18685,0.26665,0.08025,-0.00335,0.38135,0.35675,0.06345,0.02755,0.18145,0.26015,0.12095,-0.00165,0.42555,0.35585,0.08415,0.03405,0.28245,0.25415,0.11295,0.00155,0.35995,0.35495,0.43905,0.40385,0.00035,0.43845,-0.00035,0.42165,0.43955,0.14705,0.09995,0.00915,0.11685,0.00315,0.08325,0.00495
19,0.48585,0.46345,0.50065,0.49725,0.47645,0.41665,0.52045,0.52705,0.48975,0.44535,0.51145,0.51135,0.49745,0.43705,0.52555,0.51215,0.48005,0.44665,0.50115,0.50185,0.48485,0.40625,0.50765,0.52075,0.06795,0.03215,0.19295,0.27495,0.08285,-0.00325,0.38065,0.35575,0.06365,0.02785,0.18635,0.26915,0.12065,-0.00175,0.42515,0.35395,0.08695,0.03455,0.28655,0.26315,0.11955,0.00105,0.35975,0.35465,0.43395,0.40225,0.00055,0.43675,-0.00055,0.42025,0.43625,0.14315,0.10325,0.00945,0.12145,0.00385,0.08485,0.00535
19.25,0.4877,0.463,0.5002,0.4972,0.475,0.4145,0.5205,0.5259,0.4916,0.4443,0.5128,0.5115,0.4966,0.4347,0.5256,0.5108,0.4817,0.4461,0.5023,0.5018,0.4831,0.4024,0.5078,0.5204,0.0676,0.032,0.199,0.2852,0.0845,-0.0025,0.3802,0.3559,0.0635,0.0281,0.1923,0.2791,0.1197,-0.0012,0.4261,0.3546,0.0894,0.0343,0.2902,0.2726,0.1258,0.0022,0.3596,0.3554,0.4295,0.4008,0.0006,0.4281,-0.0006,0.4191,0.4321,0.14,0.1042,0.009,0.128,0.0035,0.0863,0.0051
19.5,0.48515,0.46155,0.49945,0.49735,0.47385,0.41235,0.52065,0.52705,0.48955,0.44235,0.51225,0.51185,0.49555,0.43315,0.52645,0.51155,0.47895,0.44355,0.50115,0.50145,0.48135,0.39385,0.50815,0.52095,0.06805,0.03135,0.20375,0.29495,0.08625,-0.00315,0.37865,0.35605,0.06325,0.02735,0.19665,0.28795,0.11835,-0.00165,0.42495,0.35285,0.09265,0.03435,0.29245,0.28205,0.13275,0.00165,0.35865,0.35355,0.42875,0.39895,0.00125,0.42355,-0.00125,0.41665,0.42855,0.13775,0.10715,0.00905,0.13475,0.00335,0.08685,0.00495
19.75,0.48455,0.46085,0.49975,0.49765,0.47325,0.41035,0.52045,0.52855,0.48835,0.44145,0.51435,0.51225,0.49705,0.43115,0.52585,0.51205,0.47975,0.44295,0.50305,0.50135,0.48205,0.39365,0.50825,0.52205,0.06765,0.03165,0.20905,0.30505,0.08885,-0.00245,0.37765,0.35485,0.06265,0.02765,0.20275,0.29755,0.11775,-0.00105,0.42495,0.35255,0.09705,0.03445,0.29455,0.29215,0.13975,0.00265,0.35675,0.35415,0.42355,0.39685,0.00045,0.42055,-0.00045,0.41685,0.42095,0.13665,0.11055,0.00895,0.14215,0.00365,0.08845,0.00515
20,0.48285,0.46045,0.49995,0.49705,0.47175,0.40915,0.52195,0.52825,0.48785,0.43975,0.51465,0.51095,0.49635,0.42995,0.52725,0.51185,0.47815,0.44065,0.50395,0.50075,0.48085,0.39185,0.51085,0.52275,0.06845,0.03215,0.20985,0.31535,0.09155,-0.00175,0.37765,0.35265,0.06275,0.02815,0.20805,0.30825,0.11605,-0.00075,0.42485,0.34955,0.10125,0.03465,0.29545,0.30135,0.14715,0.00225,0.35575,0.35135,0.41735,0.39525,0.00085,0.41615,-0.00085,0.41335,0.42005,0.13535,0.11415,0.01005,0.15035,0.00435,0.09035,0.00565
20.25,0.48245,0.45905,0.50055,0.49645,0.47055,0.40655,0.52215,0.52805,0.48775,0.43835,0.51415,0.51065,0.49535,0.42845,0.52695,0.51195,0.47945,0.43915,0.50355,0.49995,0.47985,0.38905,0.50995,0.52235,0.06805,0.03225,0.21055,0.32445,0.09445,-0.00225,0.37595,0.34995,0.06225,0.02805,0.21365,0.31915,0.11605,-0.00095,0.42365,0.34765,0.10635,0.03465,0.29605,0.31055,0.15535,0.00255,0.35485,0.34965,0.41475,0.39265,0.00085,0.41255,-0.00085,0.41215,0.41535,0.13465,0.11815,0.00885,0.15825,0.00375,0.09225,0.00555
20.5,0.48155,0.45715,0.50005,0.49565,0.46905,0.40475,0.52255,0.52785,0.48735,0.43675,0.51355,0.50995,0.49535,0.42665,0.52735,0.51135,0.47895,0.43695,0.50265,0.49925,0.47795,0.38655,0.51065,0.52285,0.06875,0.03145,0.21195,0.33555,0.09795,-0.00325,0.37655,0.35165,0.06165,0.02735,0.21905,0.33095,0.11515,-0.00155,0.42415,0.34985,0.11195,0.03355,0.29565,0.32085,0.16335,0.00215,0.35445,0.35085,0.40965,0.39035,0.00085,0.40735,-0.00085,0.41025,0.41015,0.13305,0.12175,0.00805,0.16775,0.00325,0.09465,0.00515
20.75,0.4808,0.4569,0.501,0.4954,0.4672,0.4024,0.5231,0.5284,0.4876,0.4362,0.5144,0.5093,0.4928,0.4243,0.5278,0.5114,0.4778,0.4362,0.5037,0.498,0.4765,0.3857,0.5111,0.5236,0.0689,0.0326,0.2137,0.3469,0.1014,-0.0024,0.376,0.3501,0.061,0.0281,0.2255,0.3426,0.1137,-0.0009,0.424,0.3484,0.1179,0.0345,0.2946,0.3323,0.1718,0.0023,0.3544,0.3492,0.4059,0.3893,0.001,0.4051,-0.001,0.4081,0.4065,0.1337,0.1249,0.0086,0.1777,0.0038,0.0964,0.0053
21,0.4786,0.4552,0.5013,0.4942,0.4669,0.4,0.523,0.5292,0.4838,0.4341,0.5142,0.5091,0.4936,0.4226,0.5277,0.5109,0.4757,0.435,0.5026,0.4984,0.4767,0.3847,0.511,0.5234,0.0688,0.0319,0.2149,0.3588,0.1061,-0.003,0.3751,0.3504,0.0599,0.0278,0.2264,0.3539,0.1136,-0.002,0.4233,0.3482,0.1243,0.0342,0.2928,0.3444,0.1818,0.001,0.3546,0.3508,0.4009,0.3873,0.0011,0.4011,-0.0011,0.4079,0.4023,0.133,0.1286,0.0088,0.1877,0.0033,0.0987,0.0048
21.25,0.4781,0.4542,0.5023,0.4949,0.4661,0.3983,0.5245,0.5302,0.4837,0.4345,0.5157,0.5092,0.4912,0.4215,0.5287,0.5127,0.4758,0.435,0.5052,0.4984,0.476,0.3796,0.5123,0.5248,0.069,0.0312,0.2167,0.3704,0.1107,-0.0039,0.3758,0.3499,0.0597,0.0275,0.2275,0.3659,0.1129,-0.0022,0.424,0.3468,0.132,0.034,0.2903,0.3563,0.1905,0.0005,0.3542,0.3488,0.3974,0.3862,0.001,0.3964,-0.001,0.4066,0.3983,0.1326,0.1343,0.0096,0.1998,0.0036,0.1017,0.005
21.5,0.4775,0.4527,0.5033,0.493,0.4648,0.3962,0.5251,0.5299,0.4812,0.4327,0.5157,0.5075,0.4911,0.4186,0.5287,0.5119,0.4739,0.432,0.5051,0.4969,0.4763,0.3819,0.5124,0.5247,0.0694,0.0318,0.2178,0.382,0.1155,-0.0028,0.3737,0.3479,0.0585,0.0276,0.2281,0.3646,0.1116,-0.0014,0.4225,0.346,0.14,0.0341,0.2868,0.3666,0.1956,0.0021,0.3513,0.3472,0.3953,0.3845,0.001,0.3921,-0.001,0.4043,0.3933,0.1323,0.1394,0.009,0.2115,0.0035,0.1036,0.005
21.75,0.4767,0.4515,0.503,0.4928,0.4648,0.3941,0.5262,0.5316,0.4816,0.4312,0.5155,0.5073,0.4901,0.417,0.5298,0.5136,0.4737,0.4308,0.505,0.4968,0.4757,0.3795,0.5127,0.5259,0.0705,0.0327,0.2187,0.392,0.1218,-0.0016,0.3733,0.3464,0.0587,0.0281,0.2294,0.3657,0.1115,-0.0008,0.4208,0.3438,0.15,0.0344,0.2843,0.3777,0.2004,0.0023,0.3518,0.3455,0.3915,0.3824,0.0012,0.3903,-0.0012,0.4026,0.3906,0.1331,0.1468,0.0088,0.224,0.004,0.1071,0.0054
22,0.47565,0.44985,0.50415,0.49215,0.46385,0.39135,0.52725,0.53095,0.48165,0.42955,0.51575,0.50655,0.48845,0.41455,0.53055,0.51355,0.47205,0.42915,0.50465,0.49615,0.47585,0.37675,0.51155,0.52645,0.07065,0.03175,0.21955,0.38895,0.12665,-0.00275,0.37345,0.34535,0.05785,0.02735,0.23035,0.36505,0.11035,-0.00155,0.42115,0.34305,0.15935,0.03375,0.28145,0.37545,0.20135,0.00165,0.35025,0.34325,0.38745,0.38045,0.00085,0.38705,-0.00085,0.40055,0.38625,0.13285,0.15305,0.00855,0.23385,0.00335,0.10955,0.00485
22.25,0.4753,0.4484,0.5044,0.4918,0.4628,0.3894,0.527,0.5318,0.4804,0.4287,0.5154,0.5063,0.4874,0.4134,0.5318,0.514,0.4722,0.427,0.5049,0.4957,0.4756,0.373,0.512,0.5266,0.072,0.0316,0.2211,0.3893,0.1333,-0.0036,0.3721,0.345,0.0575,0.0279,0.2317,0.3644,0.1093,-0.0023,0.4194,0.3423,0.1701,0.0339,0.2776,0.3755,0.2021,0.0011,0.3487,0.3436,0.3858,0.379,0.0012,0.3836,-0.0012,0.3987,0.3853,0.1323,0.16,0.0086,0.2465,0.0039,0.1125,0.0049
22.5,0.4744,0.4474,0.5063,0.4914,0.4631,0.3881,0.528,0.5333,0.4793,0.4269,0.5167,0.5053,0.4858,0.4112,0.5315,0.5151,0.4712,0.4256,0.5053,0.4948,0.4751,0.3687,0.5123,0.527,0.0729,0.0318,0.2218,0.3892,0.1403,-0.0018,0.3713,0.3455,0.0578,0.0279,0.2326,0.3649,0.1093,-0.0007,0.4192,0.3442,0.182,0.0342,0.2752,0.3747,0.2022,0.0023,0.3483,0.345,0.3804,0.3771,0.0012,0.3783,-0.0012,0.3973,0.3817,0.1327,0.1671,0.0089,0.2596,0.0039,0.1164,0.0051
22.75,0.4721,0.4458,0.506,0.4905,0.4628,0.3856,0.5285,0.5341,0.4771,0.4251,0.5163,0.5052,0.4857,0.4105,0.5336,0.5168,0.4689,0.424,0.5057,0.4945,0.4738,0.3674,0.5129,0.528,0.0725,0.0313,0.2222,0.388,0.1471,-0.0032,0.3711,0.3452,0.0566,0.0278,0.2332,0.3653,0.1087,-0.0019,0.4192,0.342,0.1941,0.0339,0.2725,0.3745,0.202,0.0013,0.348,0.3428,0.3787,0.3754,0.0013,0.3779,-0.0013,0.3959,0.3791,0.1328,0.1753,0.0087,0.2657,0.0038,0.118,0.005
23,0.4717,0.4439,0.5052,0.4899,0.4619,0.3841,0.5289,0.5344,0.4773,0.4233,0.5157,0.5039,0.4839,0.4086,0.5333,0.5173,0.4684,0.4217,0.5043,0.4929,0.4725,0.3728,0.5132,0.5276,0.0737,0.0318,0.2229,0.3888,0.155,-0.0024,0.3705,0.343,0.0569,0.0279,0.2337,0.3652,0.1079,-0.0008,0.4177,0.3398,0.2071,0.0341,0.2685,0.3752,0.2015,0.0025,0.3476,0.3417,0.3805,0.3728,0.0013,0.3786,-0.0013,0.3935,0.3752,0.1326,0.1869,0.008,0.2686,0.0038,0.1224,0.0054
23.25,0.47015,0.44305,0.50595,0.48995,0.46155,0.38225,0.52845,0.53395,0.47735,0.42175,0.51595,0.50415,0.48275,0.40725,0.53385,0.51805,0.46785,0.42025,0.50445,0.49315,0.47165,0.36085,0.51295,0.52765,0.07425,0.03235,0.22365,0.38935,0.16295,-0.00275,0.37015,0.34315,0.05675,0.02845,0.23505,0.36535,0.10745,-0.00135,0.41705,0.34065,0.21935,0.03455,0.26555,0.37575,0.20065,0.00205,0.34755,0.34165,0.37585,0.37135,0.00135,0.37465,-0.00135,0.39235,0.37195,0.13315,0.19855,0.00805,0.26835,0.00405,0.12715,0.00575
23.5,0.4694,0.4409,0.5056,0.4892,0.4599,0.3798,0.5283,0.5342,0.4751,0.4207,0.5153,0.5032,0.4819,0.4049,0.5337,0.5179,0.466,0.4184,0.5037,0.4926,0.4709,0.3587,0.5128,0.5268,0.0747,0.0315,0.2225,0.3897,0.1677,-0.0024,0.3691,0.3424,0.0561,0.0278,0.2349,0.3658,0.1067,-0.0015,0.4152,0.3397,0.2271,0.0341,0.2619,0.3755,0.1981,0.0024,0.3461,0.3414,0.3715,0.3698,0.0014,0.3695,-0.0014,0.3908,0.3711,0.1324,0.21,0.0074,0.2665,0.0036,0.133,0.0056
23.75,0.46835,0.44025,0.50625,0.48805,0.45835,0.37755,0.52845,0.53295,0.47505,0.41935,0.51605,0.50215,0.47985,0.40295,0.53355,0.51735,0.46465,0.41815,0.50425,0.49195,0.46955,0.36375,0.51315,0.52605,0.07555,0.03215,0.22255,0.38945,0.17275,-0.00285,0.36985,0.34075,0.05615,0.02855,0.23565,0.36525,0.10625,-0.00145,0.41635,0.33825,0.23055,0.03455,0.25975,0.37535,0.19575,0.00175,0.34655,0.33935,0.36915,0.36815,0.00145,0.36825,-0.00145,0.38905,0.36895,0.13265,0.21615,0.00795,0.26765,0.00395,0.14005,0.00545
24,0.4655,0.4381,0.5049,0.4868,0.4567,0.3747,0.5272,0.5326,0.4727,0.4169,0.5148,0.5014,0.4781,0.4003,0.5323,0.5175,0.4617,0.4153,0.5037,0.4908,0.4671,0.36,0.5122,0.5261,0.0749,0.0321,0.2215,0.3882,0.1745,-0.0029,0.3676,0.3402,0.0553,0.0281,0.2361,0.3645,0.105,-0.002,0.4141,0.3377,0.2277,0.0339,0.2556,0.3743,0.1915,0.0012,0.3442,0.3393,0.368,0.3655,0.0012,0.3671,-0.0012,0.387,0.3643,0.1324,0.2149,0.0075,0.2678,0.0037,0.1473,0.0055
24.25,0.4652,0.4372,0.5053,0.4864,0.4558,0.3729,0.5279,0.5345,0.4726,0.4163,0.5152,0.5007,0.4774,0.399,0.5325,0.5192,0.4608,0.4151,0.5036,0.4907,0.4667,0.3526,0.5118,0.5276,0.076,0.0317,0.2186,0.3877,0.1757,-0.0034,0.3671,0.3415,0.0556,0.028,0.2364,0.3638,0.1047,-0.0019,0.4135,0.338,0.2289,0.0339,0.2527,0.3738,0.1881,0.0015,0.3441,0.3396,0.3652,0.3647,0.0015,0.363,-0.0015,0.3856,0.363,0.1318,0.2139,0.0079,0.2688,0.0035,0.1552,0.005
24.5,0.46365,0.43555,0.50415,0.48695,0.45435,0.37055,0.52765,0.53455,0.47185,0.41395,0.51395,0.50085,0.47635,0.39675,0.53265,0.51895,0.45885,0.41235,0.50285,0.49065,0.46485,0.35555,0.51225,0.52835,0.07715,0.03185,0.21755,0.38845,0.17645,-0.00295,0.36615,0.34165,0.05535,0.02775,0.23545,0.36285,0.10295,-0.00105,0.41035,0.33635,0.23025,0.03395,0.24895,0.37365,0.18295,0.00185,0.34175,0.33805,0.36305,0.36155,0.00135,0.35915,-0.00135,0.38385,0.36205,0.13185,0.21335,0.00735,0.26705,0.00365,0.16385,0.00495
24.75,0.46165,0.43435,0.50525,0.48655,0.45335,0.36855,0.52785,0.53275,0.46975,0.41295,0.51475,0.50075,0.47435,0.39535,0.53315,0.51765,0.45885,0.41055,0.50275,0.49075,0.46355,0.35285,0.51295,0.52625,0.07745,0.03135,0.21695,0.38825,0.17715,-0.00315,0.36795,0.33975,0.05525,0.02765,0.23585,0.36375,0.10315,-0.00175,0.41225,0.33615,0.23185,0.03385,0.24585,0.37385,0.18035,0.00195,0.34435,0.33915,0.36015,0.36005,0.00165,0.35855,-0.00165,0.38305,0.35925,0.13145,0.21185,0.00785,0.26545,0.00365,0.17375,0.00485
25,0.4611,0.4326,0.5044,0.4849,0.4517,0.3651,0.5276,0.5328,0.4687,0.4114,0.5138,0.4989,0.4734,0.3929,0.5333,0.5175,0.4569,0.409,0.502,0.4884,0.4613,0.3549,0.5122,0.5255,0.0789,0.0312,0.2151,0.3859,0.1762,-0.0036,0.3656,0.3384,0.055,0.0273,0.2351,0.3619,0.102,-0.0023,0.4092,0.3351,0.2329,0.0335,0.2431,0.372,0.177,0.0011,0.3427,0.3381,0.3591,0.3573,0.0011,0.3562,-0.0011,0.3797,0.3561,0.1308,0.2115,0.0068,0.2608,0.0029,0.1833,0.0046
25.25,0.45935,0.43115,0.50425,0.48505,0.44965,0.36335,0.52805,0.53305,0.46755,0.40925,0.51375,0.49925,0.47225,0.39135,0.53375,0.51775,0.45645,0.40665,0.50225,0.48915,0.46095,0.34385,0.51295,0.52645,0.07995,0.03125,0.21445,0.38595,0.17455,-0.00255,0.36545,0.33745,0.05545,0.02755,0.23465,0.36215,0.10185,-0.00175,0.40905,0.33385,0.23425,0.03375,0.24065,0.37165,0.17355,0.00155,0.34205,0.33595,0.35555,0.35475,0.00165,0.35425,-0.00165,0.37865,0.35745,0.13075,0.21255,0.00695,0.25645,0.00305,0.18775,0.00505
25.5,0.45795,0.43015,0.50435,0.48455,0.44855,0.36065,0.52795,0.53335,0.46575,0.40805,0.51345,0.49915,0.47025,0.38905,0.53395,0.51765,0.45355,0.40555,0.50185,0.48865,0.45955,0.33865,0.51245,0.52645,0.08115,0.03125,0.21335,0.38525,0.17065,-0.00345,0.36465,0.33695,0.05505,0.02785,0.23335,0.36155,0.10085,-0.00225,0.40765,0.33315,0.23535,0.03375,0.23695,0.37165,0.16965,0.00085,0.34205,0.33575,0.35405,0.35325,0.00135,0.35045,-0.00135,0.37795,0.35195,0.12995,0.21035,0.00695,0.24725,0.00335,0.18795,0.00485
25.75,0.45785,0.43005,0.50515,0.48415,0.44765,0.35925,0.52885,0.53455,0.46555,0.40785,0.51395,0.49885,0.47095,0.38795,0.53435,0.51875,0.45305,0.40515,0.50185,0.48815,0.45855,0.34235,0.51285,0.52715,0.08485,0.03205,0.21275,0.38515,0.16635,-0.00265,0.36505,0.33865,0.05655,0.02855,0.23245,0.36165,0.10085,-0.00125,0.40725,0.33535,0.23735,0.03445,0.23445,0.37105,0.16655,0.00235,0.34175,0.33775,0.34925,0.35175,0.00165,0.35045,-0.00165,0.37505,0.34875,0.13085,0.20525,0.00745,0.24475,0.00405,0.18915,0.00565
26,0.4569,0.428,0.5038,0.4838,0.446,0.3557,0.5284,0.5338,0.4638,0.4056,0.5136,0.4979,0.4689,0.3854,0.5339,0.5183,0.4523,0.4025,0.5016,0.4872,0.4566,0.3313,0.5126,0.5274,0.087,0.0314,0.2114,0.3835,0.1601,-0.0036,0.3642,0.3372,0.0559,0.0279,0.2314,0.3601,0.0996,-0.0022,0.405,0.3326,0.2376,0.0338,0.2322,0.37,0.1617,0.0014,0.3403,0.336,0.3474,0.3492,0.0015,0.3462,-0.0015,0.3737,0.3467,0.1296,0.1945,0.0073,0.2352,0.0034,0.1889,0.0051
26.25,0.4554,0.427,0.5043,0.4833,0.4441,0.3541,0.529,0.5343,0.4634,0.4052,0.5136,0.4977,0.4672,0.3831,0.5341,0.5193,0.4506,0.4013,0.5016,0.4872,0.4551,0.3303,0.5131,0.5277,0.0899,0.032,0.211,0.3832,0.1558,-0.0022,0.3636,0.3379,0.0561,0.0281,0.2304,0.3595,0.099,-0.001,0.4044,0.3339,0.2385,0.0341,0.2304,0.3691,0.1584,0.0023,0.3401,0.3364,0.3452,0.3474,0.0015,0.3418,-0.0015,0.3713,0.346,0.1301,0.185,0.0075,0.229,0.0039,0.1891,0.0053
26.5,0.4543,0.4253,0.5039,0.4829,0.4427,0.35,0.5279,0.5346,0.4626,0.4026,0.5126,0.4972,0.4657,0.3801,0.5331,0.5182,0.4494,0.3987,0.501,0.4871,0.4545,0.3249,0.5129,0.5277,0.0929,0.0312,0.2092,0.3821,0.1517,-0.0027,0.3624,0.3361,0.0562,0.028,0.2283,0.3587,0.0983,-0.0012,0.4021,0.3313,0.2381,0.0331,0.2276,0.3679,0.1542,0.0022,0.3391,0.335,0.3431,0.3445,0.0013,0.3411,-0.0013,0.3688,0.3432,0.128,0.1768,0.0073,0.2237,0.0032,0.1896,0.0049
26.75,0.4533,0.4228,0.5021,0.4824,0.4413,0.3469,0.5278,0.5334,0.4608,0.4002,0.5116,0.4964,0.4638,0.3777,0.5326,0.5179,0.4476,0.3965,0.4997,0.4865,0.4513,0.3286,0.5123,0.5261,0.0965,0.0308,0.2082,0.3815,0.1467,-0.0039,0.3617,0.335,0.0562,0.0271,0.2272,0.3586,0.0964,-0.0024,0.4016,0.3314,0.2383,0.0325,0.2255,0.3674,0.1494,0.0009,0.3384,0.3349,0.3404,0.3413,0.0013,0.3377,-0.0013,0.3675,0.3408,0.1268,0.17,0.0058,0.2157,0.0021,0.1893,0.0043
27,0.45095,0.42225,0.50225,0.48255,0.44065,0.34495,0.52815,0.53425,0.45895,0.39945,0.51195,0.49655,0.46435,0.37605,0.53405,0.51855,0.44695,0.39535,0.49995,0.48645,0.45195,0.31825,0.51325,0.52725,0.10185,0.03115,0.20705,0.38095,0.14345,-0.00285,0.36175,0.33535,0.05755,0.02765,0.22625,0.35795,0.09605,-0.00185,0.39995,0.32895,0.24035,0.03325,0.22365,0.36715,0.14465,0.00165,0.33975,0.33425,0.33925,0.33975,0.00155,0.33415,-0.00155,0.36575,0.33845,0.12695,0.16345,0.00655,0.21075,0.00295,0.18835,0.00505
27.25,0.45135,0.42065,0.50245,0.48195,0.43845,0.34175,0.52775,0.53495,0.45915,0.39815,0.51205,0.49635,0.46255,0.37385,0.53355,0.51965,0.44535,0.39445,0.50015,0.48565,0.45015,0.31625,0.51235,0.52795,0.10675,0.03105,0.20695,0.37945,0.13845,-0.00305,0.36015,0.33465,0.05805,0.02775,0.22555,0.35715,0.09535,-0.00185,0.39835,0.32925,0.24085,0.03345,0.22145,0.36615,0.13975,0.00165,0.33715,0.33325,0.33595,0.33745,0.00145,0.33585,-0.00145,0.36285,0.33745,0.12665,0.15565,0.00645,0.20195,0.00315,0.18125,0.00515
27.5,0.44945,0.41975,0.50205,0.48125,0.43725,0.33905,0.52885,0.53535,0.45685,0.39675,0.51175,0.49545,0.46085,0.37095,0.53465,0.51945,0.44435,0.39285,0.49975,0.48445,0.44785,0.32085,0.51355,0.52785,0.11205,0.03145,0.20665,0.37865,0.13395,-0.00225,0.36035,0.33415,0.05855,0.02825,0.22465,0.35655,0.09465,-0.00075,0.39775,0.32885,0.24095,0.03335,0.21895,0.36535,0.13605,0.00275,0.33665,0.33305,0.33515,0.33465,0.00165,0.33315,-0.00165,0.36115,0.33465,0.12595,0.14785,0.00665,0.19395,0.00315,0.17085,0.00535
27.75,0.4479,0.4184,0.5008,0.4806,0.436,0.3353,0.5281,0.5348,0.4564,0.395,0.511,0.4947,0.46,0.3686,0.5331,0.5181,0.4427,0.3913,0.4997,0.4842,0.4475,0.307,0.5121,0.527,0.114,0.0315,0.2063,0.3777,0.1282,-0.0026,0.3588,0.3329,0.0596,0.0281,0.2239,0.3551,0.0935,-0.0014,0.3961,0.3271,0.2413,0.0335,0.2176,0.364,0.1303,0.0016,0.3363,0.3317,0.3299,0.3328,0.0016,0.3281,-0.0016,0.3588,0.3334,0.1251,0.1409,0.007,0.1848,0.0033,0.1645,0.0051
28,0.4463,0.4169,0.5019,0.4805,0.4353,0.3326,0.5284,0.5338,0.4542,0.3936,0.5114,0.4943,0.4584,0.3665,0.5332,0.5181,0.4417,0.3895,0.5,0.4842,0.4456,0.3042,0.5138,0.5276,0.1152,0.0319,0.2056,0.3772,0.1231,-0.0026,0.3596,0.3322,0.0613,0.0283,0.2235,0.3554,0.0932,-0.0014,0.3958,0.3264,0.2421,0.0335,0.2158,0.364,0.1249,0.0019,0.3355,0.3304,0.3286,0.3298,0.0017,0.3249,-0.0017,0.357,0.3326,0.1243,0.1337,0.0069,0.1749,0.0035,0.1575,0.0053
28.25,0.44525,0.41565,0.50065,0.47955,0.43235,0.32925,0.52775,0.53455,0.45305,0.39175,0.51105,0.49375,0.45655,0.36365,0.53355,0.51865,0.43995,0.38815,0.49945,0.48375,0.44315,0.29925,0.51315,0.52765,0.11415,0.03155,0.20475,0.37665,0.11715,-0.00275,0.35845,0.33235,0.06195,0.02795,0.22285,0.35485,0.09145,-0.00195,0.39375,0.32585,0.24205,0.03345,0.21415,0.36295,0.11915,0.00165,0.33565,0.32975,0.32625,0.32885,0.00155,0.32395,-0.00155,0.35485,0.32775,0.12375,0.12615,0.00695,0.16505,0.00335,0.15295,0.00495
28.5,0.44415,0.41485,0.50125,0.47905,0.43075,0.32575,0.52815,0.53405,0.45175,0.39085,0.51075,0.49325,0.45585,0.36115,0.53415,0.51725,0.44115,0.38685,0.49905,0.48305,0.44185,0.29555,0.51265,0.52655,0.11445,0.03145,0.20415,0.37555,0.11185,-0.00235,0.35825,0.32975,0.06435,0.02765,0.22215,0.35375,0.09075,-0.00115,0.39325,0.32425,0.24345,0.03345,0.21225,0.36215,0.11505,0.00225,0.33515,0.32785,0.32375,0.32575,0.00165,0.32185,-0.00165,0.35195,0.32435,0.12325,0.12145,0.00705,0.15295,0.00335,0.14725,0.00515
28.75,0.44285,0.41325,0.50085,0.47905,0.42885,0.32245,0.52835,0.53435,0.45085,0.38925,0.51075,0.49355,0.45395,0.35825,0.53445,0.51785,0.43775,0.38475,0.49885,0.48315,0.44085,0.28965,0.51315,0.52665,0.11455,0.03135,0.20325,0.37515,0.10615,-0.00335,0.35805,0.33055,0.06625,0.02745,0.22135,0.35335,0.09005,-0.00215,0.39145,0.32385,0.24355,0.03355,0.21085,0.36205,0.10905,0.00155,0.33395,0.32895,0.32155,0.32205,0.00165,0.31835,-0.00165,0.34995,0.32385,0.12225,0.11685,0.00655,0.14355,0.00335,0.14095,0.00515
29,0.4413,0.4118,0.5004,0.4784,0.4276,0.3185,0.5281,0.5346,0.4503,0.3874,0.5096,0.4926,0.4524,0.3547,0.5337,0.5185,0.4385,0.3835,0.4976,0.4821,0.4389,0.2883,0.5127,0.5277,0.114,0.0314,0.2021,0.3742,0.1028,-0.0035,0.3565,0.3313,0.0684,0.0276,0.2203,0.353,0.0893,-0.0023,0.3911,0.3245,0.2445,0.033,0.2092,0.3611,0.105,0.001,0.3336,0.3291,0.3194,0.3195,0.0014,0.3171,-0.0014,0.3469,0.3213,0.1214,0.1114,0.0061,0.1345,0.0031,0.1353,0.0049
29.25,0.4406,0.4105,0.5004,0.4779,0.4267,0.3154,0.5291,0.5346,0.4483,0.3862,0.5093,0.492,0.4516,0.3528,0.5347,0.5185,0.4349,0.382,0.4978,0.4818,0.4378,0.2821,0.5135,0.5278,0.1141,0.0314,0.2011,0.3736,0.0979,-0.0028,0.3559,0.33,0.0713,0.0282,0.2203,0.3531,0.0882,-0.0014,0.3899,0.3244,0.2472,0.0336,0.2083,0.3609,0.1001,0.0021,0.3339,0.3287,0.3172,0.3169,0.0019,0.3128,-0.0019,0.3449,0.3185,0.1212,0.1088,0.0068,0.1277,0.0035,0.1278,0.0056
29.5,0.4387,0.4091,0.4997,0.4774,0.4269,0.3119,0.5284,0.5344,0.4467,0.3843,0.5094,0.4913,0.45,0.3505,0.5336,0.5181,0.4361,0.3805,0.4977,0.481,0.4361,0.2781,0.5138,0.5275,0.1147,0.0318,0.1993,0.3732,0.0941,-0.0031,0.3558,0.3288,0.0744,0.0284,0.2199,0.3527,0.0877,-0.0018,0.3887,0.3218,0.251,0.0334,0.2067,0.3604,0.0962,0.001,0.3322,0.3262,0.3151,0.3127,0.0018,0.3113,-0.0018,0.3425,0.3152,0.1202,0.1057,0.0064,0.1207,0.0034,0.1229,0.0053
29.75,0.4376,0.4078,0.4994,0.477,0.4251,0.3078,0.5284,0.5343,0.4457,0.3827,0.5092,0.491,0.4494,0.3476,0.534,0.5185,0.4321,0.3789,0.4973,0.4809,0.4354,0.2721,0.5136,0.5273,0.1149,0.0313,0.1982,0.373,0.0913,-0.0026,0.355,0.3281,0.0778,0.0283,0.2192,0.3523,0.0874,-0.0017,0.3871,0.321,0.2533,0.0335,0.2058,0.3602,0.0935,0.002,0.3318,0.3256,0.3109,0.3108,0.0019,0.3089,-0.0019,0.3401,0.3147,0.1199,0.1019,0.0066,0.1155,0.0032,0.1158,0.0054
30,0.4368,0.4067,0.4987,0.476,0.4244,0.3043,0.5286,0.534,0.4449,0.3813,0.509,0.4904,0.4485,0.344,0.5333,0.5183,0.434,0.3771,0.4971,0.4798,0.4346,0.2679,0.5132,0.527,0.1156,0.0312,0.1975,0.3726,0.0885,-0.0031,0.3548,0.3278,0.082,0.0283,0.2189,0.3522,0.0867,-0.0018,0.3868,0.3215,0.2519,0.0334,0.205,0.3594,0.0906,0.0018,0.3315,0.3255,0.3093,0.308,0.0017,0.3055,-0.0017,0.3373,0.3121,0.1192,0.0996,0.0065,0.111,0.0032,0.1105,0.0061
30.25,0.435,0.4045,0.4982,0.4746,0.4186,0.2995,0.5278,0.534,0.4429,0.3781,0.5081,0.4886,0.4467,0.3403,0.5336,0.5167,0.4309,0.3744,0.4963,0.4783,0.4324,0.2687,0.5132,0.5262,0.1139,0.0303,0.1947,0.3714,0.0854,-0.0045,0.3539,0.3264,0.0857,0.0267,0.2167,0.3501,0.0842,-0.0033,0.3836,0.318,0.2533,0.0326,0.203,0.3582,0.0866,0,0.3303,0.3239,0.3051,0.3048,0.0029,0.3018,-0.0029,0.3341,0.3067,0.1176,0.0989,0.0061,0.1067,0.0026,0.1041,0.005
30.5,0.43475,0.40375,0.49775,0.47525,0.41975,0.29695,0.52845,0.53465,0.44235,0.37805,0.50795,0.48935,0.44575,0.33755,0.53445,0.51865,0.43095,0.37325,0.49595,0.47935,0.43095,0.25955,0.51365,0.52795,0.11345,0.03105,0.19415,0.37145,0.08485,-0.00315,0.35365,0.32815,0.09155,0.02805,0.21665,0.35105,0.08455,-0.00225,0.38355,0.31895,0.25585,0.03295,0.20315,0.35865,0.08665,0.00085,0.33085,0.32395,0.30305,0.30235,0.00165,0.30075,-0.00165,0.33215,0.30725,0.11775,0.09945,0.00715,0.10505,0.00325,0.10105,0.00515
30.75,0.4339,0.4027,0.4981,0.4751,0.4194,0.2935,0.5288,0.5345,0.4414,0.3765,0.5085,0.4897,0.4448,0.3357,0.5346,0.5188,0.4287,0.3721,0.4959,0.4793,0.4314,0.2537,0.5134,0.5273,0.1121,0.0318,0.1931,0.3719,0.0828,-0.0034,0.3527,0.3262,0.0973,0.0286,0.2161,0.3514,0.0837,-0.0018,0.3815,0.3182,0.2575,0.0339,0.2027,0.3588,0.0854,0.0017,0.3295,0.3238,0.301,0.299,0.0019,0.2994,-0.0019,0.3299,0.3048,0.1181,0.0987,0.0067,0.1048,0.0033,0.0976,0.0055
31,0.4329,0.4016,0.497,0.4744,0.4176,0.2887,0.5288,0.5345,0.4401,0.3749,0.5081,0.4883,0.4421,0.3309,0.5339,0.5186,0.4305,0.3708,0.4962,0.4782,0.4289,0.2503,0.5135,0.5277,0.1097,0.0316,0.1916,0.3712,0.0823,-0.0032,0.3514,0.3258,0.103,0.0282,0.2152,0.3499,0.0821,-0.0015,0.3794,0.3166,0.255,0.0332,0.202,0.3574,0.0833,0.0016,0.3282,0.322,0.2971,0.2955,0.0019,0.2953,-0.0019,0.3269,0.3001,0.1165,0.098,0.0068,0.1029,0.003,0.0934,0.0053
31.25,0.433,0.4007,0.4974,0.4739,0.4169,0.2855,0.529,0.5346,0.4398,0.3733,0.5076,0.4876,0.4409,0.328,0.5341,0.518,0.4272,0.3691,0.4955,0.4774,0.4278,0.2529,0.5133,0.527,0.108,0.0311,0.1902,0.3699,0.082,-0.0025,0.3503,0.3245,0.1102,0.028,0.2138,0.3494,0.0828,-0.0021,0.3778,0.3163,0.2502,0.0335,0.2014,0.3573,0.0832,0.0009,0.3287,0.3233,0.2945,0.2932,0.0017,0.2919,-0.0017,0.3235,0.2975,0.116,0.0982,0.007,0.1023,0.0032,0.0907,0.0051
31.5,0.43115,0.39865,0.49665,0.47335,0.41465,0.28065,0.52785,0.53485,0.43785,0.37115,0.50675,0.48735,0.43935,0.32425,0.53345,0.51855,0.42445,0.36665,0.49515,0.47655,0.42685,0.23965,0.51245,0.52755,0.10615,0.03115,0.18845,0.36945,0.08115,-0.00195,0.34775,0.32275,0.11695,0.02805,0.21265,0.34945,0.08125,-0.00105,0.37435,0.31275,0.25015,0.03325,0.20065,0.35645,0.08125,0.00195,0.32565,0.31985,0.29295,0.28895,0.00185,0.28925,-0.00185,0.32115,0.29505,0.11585,0.09985,0.00645,0.10285,0.00295,0.08845,0.00525
31.75,0.4301,0.3978,0.4967,0.4728,0.4141,0.2765,0.5286,0.5353,0.4385,0.37,0.5068,0.487,0.4406,0.321,0.5341,0.5186,0.4272,0.3659,0.4951,0.4762,0.4249,0.2394,0.5135,0.5281,0.1039,0.0312,0.1877,0.3697,0.0813,-0.0029,0.3488,0.3231,0.1243,0.0281,0.2115,0.3486,0.0801,-0.0015,0.3744,0.3133,0.2514,0.0335,0.2002,0.3559,0.0804,0.0015,0.3256,0.3203,0.2902,0.2868,0.0019,0.2855,-0.0019,0.3179,0.2925,0.1154,0.098,0.0073,0.1021,0.0033,0.0867,0.0052
32,0.4277,0.3962,0.4969,0.472,0.4131,0.2722,0.528,0.5343,0.4368,0.3679,0.5065,0.4861,0.4372,0.317,0.5332,0.5185,0.422,0.3637,0.4942,0.4754,0.4251,0.2306,0.5125,0.5275,0.1012,0.0309,0.1855,0.3688,0.0809,-0.0025,0.3471,0.3226,0.1319,0.0281,0.2102,0.3486,0.0794,-0.0014,0.3718,0.313,0.2527,0.0334,0.1998,0.3558,0.0803,0.0022,0.3246,0.3195,0.2855,0.2826,0.0018,0.2826,-0.0018,0.3147,0.2893,0.1146,0.0995,0.0064,0.1022,0.003,0.0862,0.0051
32.25,0.42715,0.39525,0.49635,0.47195,0.41135,0.26905,0.52885,0.53415,0.43825,0.36645,0.50655,0.48635,0.43765,0.31455,0.53475,0.51845,0.42135,0.36205,0.49435,0.47595,0.42515,0.22765,0.51345,0.52735,0.10015,0.03105,0.18475,0.36905,0.08175,-0.00175,0.34785,0.32005,0.13965,0.02795,0.20915,0.34865,0.07955,-0.00045,0.37235,0.31045,0.25415,0.03355,0.19935,0.35565,0.08045,0.00255,0.32445,0.31785,0.28205,0.27995,0.00175,0.28025,-0.00175,0.31235,0.28625,0.11445,0.09955,0.00645,0.10195,0.00335,0.08575,0.00565
32.5,0.42655,0.39365,0.49615,0.47155,0.41125,0.26375,0.52885,0.53425,0.43615,0.36475,0.50595,0.48585,0.43565,0.31095,0.53445,0.51835,0.42145,0.36035,0.49425,0.47565,0.42335,0.22415,0.51385,0.52765,0.09915,0.03105,0.18315,0.36895,0.08145,-0.00385,0.34755,0.32085,0.14885,0.02795,0.20765,0.34855,0.07855,-0.00235,0.37115,0.31095,0.25615,0.03315,0.19885,0.35575,0.08075,0.00045,0.32395,0.31785,0.27915,0.27595,0.00185,0.27765,-0.00185,0.31045,0.28475,0.11375,0.10055,0.00685,0.10235,0.00295,0.08585,0.00505
32.75,0.42875,0.39365,0.49685,0.47155,0.40995,0.26065,0.52925,0.53535,0.43635,0.36395,0.50605,0.48545,0.43645,0.30795,0.53505,0.51925,0.42575,0.36055,0.49415,0.47535,0.42155,0.22015,0.51385,0.52795,0.09775,0.03185,0.18205,0.36845,0.08205,-0.00235,0.34555,0.32075,0.15835,0.02875,0.20655,0.34855,0.07835,-0.00085,0.36845,0.31095,0.25875,0.03425,0.19875,0.35625,0.08125,0.00225,0.32285,0.31785,0.27795,0.27535,0.00195,0.27555,-0.00195,0.30755,0.28225,0.11395,0.10055,0.00735,0.10395,0.00365,0.08945,0.00615
33,0.42395,0.39145,0.49525,0.46965,0.40775,0.25545,0.52945,0.53405,0.43305,0.36165,0.50525,0.48395,0.43405,0.30385,0.53415,0.51795,0.41905,0.35725,0.49305,0.47315,0.41945,0.21695,0.51375,0.52685,0.09585,0.03135,0.18075,0.36705,0.08125,-0.00285,0.34495,0.31915,0.16175,0.02845,0.20545,0.34665,0.07715,-0.00125,0.36775,0.30875,0.25955,0.03385,0.19825,0.35385,0.07985,0.00185,0.32155,0.31585,0.27455,0.26995,0.00195,0.27175,-0.00195,0.30415,0.27915,0.11285,0.10195,0.00655,0.10335,0.00325,0.08985,0.00575
33.25,0.4238,0.3905,0.4953,0.4705,0.4072,0.2524,0.5291,0.5351,0.434,0.3601,0.5058,0.4844,0.4323,0.3012,0.5347,0.5186,0.4187,0.3566,0.4936,0.4741,0.4183,0.2096,0.5133,0.5279,0.0945,0.0315,0.1801,0.3673,0.0826,-0.0025,0.3447,0.3181,0.165,0.0284,0.2041,0.3467,0.0769,-0.0013,0.3657,0.3069,0.2623,0.0341,0.1984,0.3545,0.0808,0.0013,0.3217,0.3157,0.2729,0.2657,0.0021,0.2703,-0.0021,0.3011,0.2759,0.1131,0.0996,0.0078,0.1053,0.0037,0.0932,0.0058
33.5,0.42275,0.38915,0.49545,0.46955,0.40555,0.24805,0.52935,0.53495,0.43095,0.35805,0.50535,0.48355,0.43145,0.29675,0.53405,0.51875,0.41925,0.35415,0.49365,0.47305,0.41805,0.20975,0.51375,0.52775,0.09235,0.03155,0.17855,0.36705,0.08445,-0.00305,0.34405,0.31785,0.16725,0.02795,0.20275,0.34645,0.07655,-0.00145,0.36395,0.30595,0.26385,0.03365,0.19815,0.35445,0.08115,0.00195,0.32035,0.31465,0.26985,0.26155,0.00205,0.26695,-0.00205,0.29855,0.27295,0.11275,0.10125,0.00735,0.10695,0.00365,0.08405,0.00545
33.75,0.42175,0.38805,0.49575,0.46925,0.40505,0.24355,0.52935,0.53525,0.43065,0.35685,0.50515,0.48385,0.43125,0.29325,0.53385,0.51935,0.41695,0.35295,0.49365,0.47335,0.41885,0.20505,0.51325,0.52765,0.09075,0.03165,0.17725,0.36715,0.08315,-0.00305,0.34295,0.31815,0.17105,0.02845,0.20195,0.34665,0.07555,-0.00165,0.36325,0.30745,0.26665,0.03415,0.19775,0.35385,0.08115,0.00135,0.31965,0.31415,0.26655,0.25905,0.00215,0.26415,-0.00215,0.29515,0.27145,0.11215,0.10025,0.00725,0.10835,0.00375,0.08475,0.00555
34,0.4202,0.3872,0.4957,0.4688,0.4032,0.2391,0.53,0.5354,0.4305,0.3552,0.5057,0.4834,0.4299,0.2899,0.5356,0.5201,0.415,0.3514,0.4934,0.473,0.4171,0.1977,0.5135,0.5289,0.0905,0.0315,0.1764,0.3662,0.0833,-0.0025,0.3422,0.3162,0.1736,0.0285,0.2007,0.3454,0.0759,-0.0009,0.3613,0.3046,0.2694,0.0342,0.1973,0.3531,0.0807,0.0024,0.3186,0.3126,0.2643,0.2542,0.0022,0.262,-0.0022,0.2914,0.2689,0.1119,0.1006,0.0073,0.1107,0.0038,0.084,0.0058
34.25,0.42055,0.38585,0.49555,0.46825,0.40415,0.23575,0.53075,0.53585,0.42955,0.35315,0.50465,0.48275,0.43015,0.28685,0.53515,0.51975,0.41565,0.34895,0.49195,0.47215,0.41455,0.19485,0.51315,0.52785,0.08955,0.03205,0.17445,0.36535,0.08545,-0.00315,0.34165,0.31485,0.17555,0.02835,0.19955,0.34515,0.07425,-0.00155,0.35985,0.30415,0.27265,0.03435,0.19705,0.35235,0.08265,0.00155,0.31865,0.31295,0.26155,0.25015,0.00205,0.25895,-0.00205,0.28805,0.26565,0.11135,0.10195,0.00685,0.11235,0.00375,0.08515,0.00575
34.5,0.4205,0.3842,0.4956,0.4679,0.4024,0.2322,0.5313,0.536,0.43,0.3512,0.5047,0.4821,0.4293,0.2835,0.5353,0.519,0.4157,0.3474,0.4922,0.471,0.4142,0.1895,0.5138,0.5277,0.0869,0.032,0.1734,0.3653,0.0829,-0.0017,0.3409,0.3128,0.1784,0.0286,0.1981,0.3446,0.0739,-0.0002,0.3587,0.3021,0.2752,0.0347,0.1967,0.3522,0.0812,0.0028,0.3181,0.3118,0.2602,0.2463,0.0021,0.2563,-0.0021,0.2841,0.2643,0.1111,0.1006,0.007,0.1138,0.0037,0.0852,0.0057
34.75,0.419,0.3829,0.4951,0.4673,0.4003,0.2278,0.531,0.5346,0.4285,0.3494,0.5043,0.4818,0.427,0.2785,0.5352,0.5187,0.4184,0.3453,0.4918,0.4715,0.4119,0.1922,0.5137,0.5278,0.0864,0.0315,0.1712,0.3648,0.085,-0.0029,0.3395,0.3124,0.1801,0.0281,0.1971,0.3442,0.0742,-0.0012,0.356,0.3014,0.2778,0.034,0.1963,0.3519,0.0817,0.0026,0.3161,0.3101,0.2565,0.2422,0.0021,0.2542,-0.0021,0.282,0.2624,0.1112,0.1,0.0067,0.113,0.0038,0.0847,0.0056
35,0.4182,0.3816,0.4943,0.4668,0.4001,0.2239,0.5304,0.5355,0.4261,0.3478,0.5037,0.4813,0.4257,0.2744,0.5354,0.5191,0.4149,0.3442,0.4907,0.4705,0.4112,0.179,0.5137,0.5275,0.0856,0.0313,0.17,0.3639,0.0836,-0.0026,0.339,0.3121,0.1805,0.0278,0.1956,0.3435,0.0731,-0.0013,0.3551,0.3004,0.2806,0.0335,0.1961,0.3509,0.082,0.0026,0.315,0.3089,0.2541,0.2377,0.0023,0.2508,-0.0023,0.2784,0.2592,0.1097,0.0998,0.0062,0.113,0.0034,0.0842,0.0054
35.25,0.4153,0.3807,0.4948,0.4661,0.3986,0.2206,0.5312,0.5355,0.4252,0.3454,0.504,0.4807,0.424,0.2715,0.5347,0.5195,0.4139,0.3418,0.4916,0.4703,0.4091,0.1808,0.5134,0.5284,0.0839,0.0314,0.1688,0.3635,0.084,-0.002,0.3376,0.3123,0.1802,0.0283,0.1945,0.3435,0.0727,-0.0009,0.3534,0.3012,0.2835,0.0339,0.196,0.3504,0.0811,0.0017,0.314,0.3089,0.2526,0.2359,0.0023,0.2492,-0.0023,0.2759,0.2571,0.1096,0.0995,0.0072,0.1064,0.0037,0.0844,0.0056
35.5,0.41655,0.37905,0.49425,0.46515,0.39835,0.21595,0.53055,0.53525,0.42525,0.34345,0.50295,0.47975,0.42465,0.26715,0.53585,0.51925,0.41495,0.33985,0.49045,0.46965,0.40885,0.17095,0.51365,0.52785,0.08315,0.03125,0.16705,0.36275,0.08285,-0.00375,0.33755,0.31185,0.17825,0.02805,0.19325,0.34245,0.07185,-0.00205,0.35275,0.29985,0.28645,0.03415,0.19605,0.34985,0.08165,0.00105,0.31485,0.30835,0.24905,0.23195,0.00235,0.24645,-0.00235,0.27165,0.25355,0.10845,0.09855,0.00635,0.10675,0.00345,0.08385,0.00515
35.75,0.4142,0.3779,0.4939,0.4651,0.3976,0.2125,0.5303,0.5355,0.425,0.342,0.5036,0.4796,0.4218,0.2629,0.5358,0.5193,0.4127,0.3382,0.4901,0.4691,0.4067,0.1668,0.5132,0.5283,0.0823,0.0309,0.1664,0.3623,0.0826,-0.0033,0.3365,0.3101,0.1749,0.0279,0.1923,0.3417,0.0713,-0.0019,0.351,0.2974,0.2894,0.0338,0.1957,0.3494,0.0818,0.001,0.3139,0.3062,0.2467,0.2283,0.0022,0.2447,-0.0022,0.2682,0.2518,0.108,0.0979,0.0062,0.1053,0.0033,0.0838,0.0053
36,0.4154,0.3764,0.4938,0.4645,0.3947,0.2081,0.5305,0.5351,0.4224,0.34,0.5029,0.4787,0.423,0.2599,0.535,0.5184,0.4101,0.3365,0.4906,0.4686,0.4064,0.1671,0.5135,0.5272,0.0824,0.0312,0.1656,0.3618,0.0821,-0.0033,0.3362,0.3094,0.1714,0.0278,0.1913,0.3409,0.0704,-0.0017,0.3486,0.2975,0.2924,0.034,0.1958,0.3487,0.0801,0.0015,0.3123,0.3065,0.2447,0.2243,0.0024,0.2419,-0.0024,0.2655,0.2501,0.1079,0.0976,0.0067,0.1057,0.0035,0.0836,0.0051
36.25,0.41525,0.37525,0.49305,0.46375,0.39465,0.20395,0.53075,0.53565,0.42395,0.33875,0.50275,0.47835,0.42295,0.25625,0.53485,0.51915,0.41435,0.33455,0.49085,0.46815,0.40615,0.16135,0.51415,0.52815,0.08255,0.03205,0.16475,0.36195,0.08245,-0.00285,0.33535,0.30845,0.16915,0.02835,0.19045,0.34075,0.07085,-0.00105,0.34775,0.29595,0.29525,0.03395,0.19545,0.34805,0.07935,0.00225,0.31105,0.30535,0.24285,0.22215,0.00235,0.23995,-0.00235,0.26075,0.24845,0.10785,0.09695,0.00685,0.10485,0.00325,0.08365,0.00545
36.5,0.4139,0.3735,0.4926,0.4633,0.3922,0.1997,0.5309,0.5352,0.4231,0.3362,0.5021,0.4778,0.4228,0.2525,0.5353,0.5181,0.4088,0.3324,0.4897,0.4677,0.4048,0.1587,0.5138,0.528,0.0809,0.0311,0.1634,0.3611,0.0809,-0.0042,0.3345,0.3075,0.1645,0.0278,0.1894,0.3406,0.0696,-0.0026,0.347,0.2945,0.2982,0.0338,0.1955,0.3474,0.0793,0.0006,0.3108,0.3036,0.2395,0.2176,0.0023,0.2385,-0.0023,0.2579,0.2456,0.1071,0.0966,0.0066,0.1051,0.003,0.0835,0.0051
36.75,0.4126,0.3723,0.4921,0.4631,0.3922,0.1954,0.53,0.5356,0.4211,0.3342,0.5016,0.4771,0.421,0.249,0.535,0.5196,0.409,0.3304,0.4895,0.4667,0.4037,0.1539,0.5132,0.5283,0.0812,0.0318,0.1621,0.3602,0.081,-0.0027,0.3325,0.3063,0.1611,0.028,0.1879,0.3394,0.069,-0.0013,0.3427,0.2928,0.3007,0.0336,0.195,0.3469,0.0781,0.0021,0.3079,0.3029,0.2376,0.2139,0.0026,0.2359,-0.0026,0.2532,0.2445,0.1065,0.096,0.0063,0.1038,0.0032,0.0831,0.005
37,0.41195,0.37105,0.49215,0.46265,0.39095,0.19105,0.53095,0.53495,0.42125,0.33285,0.50235,0.47695,0.41885,0.24495,0.53525,0.51885,0.40655,0.32875,0.48975,0.46575,0.40235,0.15815,0.51415,0.52825,0.08055,0.03195,0.16135,0.35935,0.08095,-0.00245,0.33295,0.30605,0.15495,0.02825,0.18725,0.33845,0.06885,-0.00095,0.34275,0.29255,0.30375,0.03415,0.19515,0.34615,0.07765,0.00235,0.30865,0.30205,0.23525,0.20935,0.00225,0.23445,-0.00225,0.25165,0.24255,0.10635,0.09545,0.00655,0.10435,0.00335,0.08335,0.00545
37.25,0.4119,0.3698,0.492,0.4618,0.3898,0.1864,0.5309,0.5345,0.4197,0.331,0.5016,0.4765,0.418,0.2417,0.5354,0.5181,0.4073,0.3271,0.4894,0.466,0.4014,0.15,0.5133,0.527,0.0802,0.0314,0.1602,0.3592,0.0799,-0.0023,0.3308,0.3043,0.1499,0.0283,0.1865,0.3388,0.0688,-0.0004,0.3411,0.2918,0.3077,0.0341,0.1952,0.3461,0.078,0.0025,0.3072,0.3017,0.2341,0.2066,0.0023,0.2329,-0.0023,0.2477,0.2407,0.1063,0.0986,0.0068,0.1039,0.0032,0.0832,0.0056
37.5,0.4107,0.369,0.492,0.4614,0.3899,0.1823,0.5312,0.5356,0.4191,0.3293,0.5018,0.4754,0.4171,0.2386,0.5346,0.519,0.4062,0.3255,0.4892,0.4656,0.4011,0.148,0.5136,0.5279,0.0801,0.0316,0.1595,0.3581,0.0797,-0.0027,0.3315,0.3045,0.146,0.0284,0.1856,0.338,0.069,-0.0013,0.3406,0.2916,0.3094,0.034,0.195,0.3455,0.0781,0.0023,0.3079,0.3009,0.232,0.2028,0.0023,0.231,-0.0023,0.2434,0.2388,0.1057,0.0958,0.0066,0.104,0.0034,0.0827,0.0054
37.75,0.41115,0.36685,0.49125,0.46105,0.38825,0.17785,0.53025,0.53565,0.41935,0.32725,0.50085,0.47545,0.41775,0.23485,0.53475,0.51925,0.40435,0.32325,0.48825,0.46485,0.39835,0.14715,0.51345,0.52745,0.07995,0.03095,0.15825,0.35735,0.07915,-0.00285,0.32895,0.30375,0.13985,0.02795,0.18455,0.33715,0.06795,-0.00105,0.33835,0.29065,0.31275,0.03385,0.19525,0.34465,0.07735,0.00225,0.30555,0.29905,0.23005,0.19855,0.00235,0.22935,-0.00235,0.24075,0.23745,0.10505,0.09475,0.00595,0.10205,0.00325,0.08245,0.00495
38,0.4092,0.3662,0.4913,0.4603,0.387,0.1741,0.5305,0.5353,0.416,0.3253,0.5008,0.4744,0.415,0.2306,0.5346,0.5187,0.4042,0.3214,0.4884,0.4642,0.3996,0.1448,0.5129,0.528,0.08,0.0313,0.1578,0.3573,0.0785,-0.0026,0.328,0.3019,0.1371,0.028,0.184,0.3365,0.0677,-0.0008,0.3361,0.2887,0.3159,0.0336,0.1949,0.3442,0.0768,0.0022,0.3044,0.2974,0.2281,0.1941,0.0024,0.2285,-0.0024,0.2374,0.2366,0.1041,0.0933,0.0062,0.1026,0.0033,0.0816,0.0052
38.25,0.40905,0.36425,0.49085,0.45955,0.38555,0.17035,0.53035,0.53455,0.41975,0.32315,0.49955,0.47365,0.41395,0.22675,0.53435,0.51815,0.40245,0.31945,0.48705,0.46295,0.39585,0.14535,0.51295,0.52685,0.07975,0.03115,0.15625,0.35585,0.07725,-0.00315,0.32765,0.30025,0.13055,0.02805,0.18305,0.33595,0.06685,-0.00125,0.33485,0.28835,0.31795,0.03335,0.19485,0.34305,0.07495,0.00175,0.30315,0.29725,0.22665,0.18995,0.00235,0.22695,-0.00235,0.23435,0.23445,0.10385,0.09345,0.00615,0.10065,0.00255,0.08105,0.00485
38.5,0.4132,0.3634,0.4907,0.4591,0.3853,0.1672,0.5308,0.5358,0.4176,0.3218,0.5002,0.4731,0.4148,0.2241,0.5353,0.5194,0.4021,0.318,0.4877,0.4629,0.398,0.1443,0.5129,0.5285,0.0806,0.0314,0.1554,0.3555,0.078,-0.0034,0.327,0.302,0.1263,0.028,0.1822,0.3351,0.0671,-0.0017,0.334,0.2879,0.3213,0.0338,0.1949,0.3426,0.0748,0.0014,0.3035,0.297,0.225,0.1858,0.0024,0.2256,-0.0024,0.23,0.2329,0.1042,0.0924,0.0063,0.1017,0.0035,0.081,0.0073
38.75,0.40695,0.36205,0.49025,0.45935,0.38465,0.16455,0.53055,0.53365,0.41665,0.31975,0.50045,0.47325,0.41265,0.21985,0.53505,0.51735,0.40265,0.31595,0.48755,0.46285,0.39545,0.14355,0.51265,0.52675,0.07995,0.03145,0.15485,0.35515,0.07505,-0.00245,0.32585,0.29905,0.12335,0.02815,0.18155,0.33495,0.06615,-0.00075,0.33155,0.28695,0.32425,0.03355,0.19525,0.34255,0.07395,0.00245,0.30255,0.29665,0.22395,0.18085,0.00235,0.22375,-0.00235,0.22855,0.23165,0.10335,0.09185,0.00615,0.09965,0.00325,0.08085,0.00515
39,0.40795,0.36045,0.48965,0.45815,0.38415,0.16145,0.53035,0.53365,0.41735,0.31795,0.49895,0.47195,0.41305,0.21605,0.53505,0.51775,0.40045,0.31425,0.48625,0.46225,0.39665,0.14165,0.51285,0.52685,0.07965,0.03095,0.15365,0.35435,0.07595,-0.00315,0.32405,0.29855,0.11835,0.02765,0.18085,0.33405,0.06595,-0.00125,0.32965,0.28565,0.32605,0.03325,0.19525,0.34155,0.07445,0.00165,0.30085,0.29445,0.22215,0.17615,0.00255,0.22285,-0.00255,0.22515,0.23025,0.10265,0.09195,0.00595,0.09885,0.00285,0.07945,0.00475
39.25,0.4067,0.3592,0.4893,0.4574,0.3827,0.1594,0.5304,0.535,0.4137,0.3158,0.4991,0.4718,0.4131,0.212,0.5354,0.519,0.4023,0.3129,0.4868,0.4619,0.393,0.1429,0.5132,0.5281,0.0797,0.0309,0.1529,0.354,0.0749,-0.0032,0.3245,0.298,0.1166,0.0277,0.1802,0.3334,0.0651,-0.0013,0.3289,0.2836,0.329,0.0334,0.1951,0.341,0.073,0.0022,0.3007,0.2929,0.2207,0.172,0.0026,0.2217,-0.0026,0.222,0.2283,0.1026,0.0909,0.0058,0.0998,0.0027,0.0789,0.0048
39.5,0.4046,0.3581,0.489,0.4568,0.382,0.1576,0.5308,0.5343,0.4139,0.3142,0.4975,0.4712,0.4119,0.2082,0.5349,0.5173,0.4008,0.311,0.4858,0.4616,0.395,0.1422,0.5134,0.5274,0.0792,0.0315,0.1521,0.3536,0.0749,-0.003,0.3237,0.2961,0.1124,0.0278,0.1794,0.3327,0.0649,-0.0015,0.3268,0.2822,0.3316,0.0333,0.1952,0.3404,0.0729,0.0017,0.2987,0.2924,0.2187,0.1679,0.0025,0.2205,-0.0025,0.2181,0.2273,0.1026,0.0901,0.0059,0.0988,0.0027,0.0772,0.0048
39.75,0.40555,0.35695,0.48825,0.45625,0.38155,0.15575,0.53095,0.53505,0.41655,0.31245,0.49795,0.47055,0.41155,0.20345,0.53465,0.51795,0.40045,0.30905,0.48535,0.46095,0.39425,0.14285,0.51305,0.52665,0.07945,0.03085,0.15075,0.35285,0.07495,-0.00345,0.32405,0.29495,0.11115,0.02745,0.17855,0.33235,0.06535,-0.00195,0.32735,0.28215,0.33365,0.03275,0.19495,0.33975,0.07275,0.00035,0.29985,0.29175,0.21835,0.16435,0.00265,0.22065,-0.00265,0.21565,0.22705,0.10205,0.08975,0.00555,0.09735,0.00285,0.07685,0.00475
40,0.40475,0.35545,0.48815,0.45575,0.37985,0.15425,0.53065,0.53495,0.41205,0.31085,0.49855,0.46995,0.41125,0.19985,0.53555,0.51845,0.39945,0.30715,0.48595,0.46035,0.39215,0.13995,0.51365,0.52725,0.07915,0.03085,0.15005,0.35225,0.07375,-0.00455,0.32315,0.29465,0.10775,0.02755,0.17825,0.33195,0.06395,-0.00265,0.32575,0.28165,0.33635,0.03315,0.19505,0.33925,0.07155,0.00055,0.29885,0.29005,0.21655,0.16075,0.00255,0.21915,-0.00255,0.21195,0.22595,0.10175,0.08895,0.00605,0.09795,0.00325,0.07605,0.00465
40.25,0.40505,0.35425,0.48785,0.45525,0.37885,0.15325,0.52995,0.53375,0.41305,0.30885,0.49775,0.46915,0.40975,0.19575,0.53555,0.51745,0.39945,0.30565,0.48555,0.45935,0.39045,0.14125,0.51385,0.52635,0.07935,0.03075,0.14975,0.35115,0.07345,-0.00365,0.32015,0.29215,0.10665,0.02785,0.17765,0.33065,0.06385,-0.00195,0.32225,0.27955,0.33835,0.03315,0.19525,0.33845,0.07105,0.00135,0.29685,0.28825,0.21585,0.15765,0.00255,0.21945,-0.00255,0.20975,0.22565,0.10135,0.08995,0.00605,0.09735,0.00285,0.07605,0.00495
40.5,0.40165,0.35275,0.48705,0.45385,0.37815,0.15255,0.52925,0.53395,0.41215,0.30715,0.49745,0.46825,0.40935,0.19165,0.53555,0.51715,0.39765,0.30395,0.48455,0.45855,0.38855,0.13925,0.51315,0.52575,0.07935,0.03105,0.14875,0.35085,0.07325,-0.00335,0.31945,0.29155,0.10415,0.02805,0.17665,0.33075,0.06335,-0.00155,0.32115,0.27885,0.33995,0.03295,0.19475,0.33765,0.07025,0.00155,0.29515,0.28675,0.21495,0.15515,0.00265,0.21675,-0.00265,0.20645,0.22535,0.10055,0.08885,0.00555,0.09515,0.00265,0.07535,0.00495
40.75,0.4007,0.3504,0.4839,0.4529,0.3765,0.1508,0.5278,0.5317,0.4132,0.3049,0.4956,0.4667,0.4076,0.1871,0.5345,0.5155,0.3957,0.3019,0.4831,0.4568,0.3887,0.138,0.5128,0.5247,0.078,0.0301,0.1473,0.349,0.0726,-0.0041,0.3172,0.2886,0.1033,0.0274,0.1755,0.3292,0.0625,-0.0023,0.3198,0.2763,0.341,0.0325,0.1942,0.336,0.0692,0.0005,0.294,0.2845,0.2131,0.1521,0.0031,0.2157,-0.0031,0.2032,0.2245,0.1001,0.0877,0.0048,0.0965,0.0022,0.0733,0.0047
41,0.40315,0.35035,0.48535,0.45285,0.37635,0.15115,0.52855,0.53325,0.41305,0.30405,0.49545,0.46675,0.40695,0.18395,0.53365,0.51565,0.39605,0.30185,0.48345,0.45735,0.38785,0.13795,0.51205,0.52495,0.07855,0.03075,0.14715,0.34985,0.07295,-0.00385,0.31625,0.28785,0.10145,0.02775,0.17525,0.32925,0.06225,-0.00185,0.31605,0.27525,0.34385,0.03325,0.19485,0.33695,0.07015,0.00155,0.29205,0.28505,0.21285,0.15095,0.00275,0.21595,-0.00275,0.20025,0.22355,0.10055,0.08895,0.00525,0.09675,0.00255,0.07335,0.00485
41.25,0.40115,0.34915,0.48475,0.45165,0.37595,0.15045,0.52805,0.53205,0.41115,0.30305,0.49545,0.46595,0.40715,0.18095,0.53405,0.51535,0.39795,0.29965,0.48325,0.45655,0.38655,0.13805,0.51235,0.52415,0.07775,0.03065,0.14565,0.34825,0.07175,-0.00325,0.31455,0.28605,0.10025,0.02765,0.17445,0.32815,0.06225,-0.00165,0.31445,0.27465,0.34545,0.03305,0.19465,0.33555,0.06975,0.00215,0.29005,0.28285,0.21115,0.14905,0.00275,0.21545,-0.00275,0.19655,0.22365,0.09975,0.08735,0.00515,0.09615,0.00235,0.07305,0.00565
41.5,0.40405,0.34795,0.48445,0.45135,0.37595,0.15005,0.52845,0.53335,0.41345,0.30195,0.49615,0.46595,0.40885,0.17775,0.53405,0.51685,0.39565,0.29845,0.48315,0.45625,0.38725,0.13715,0.51205,0.52565,0.07785,0.03065,0.14545,0.34855,0.07325,-0.00365,0.31265,0.28545,0.10045,0.02845,0.17425,0.32835,0.06245,-0.00185,0.31315,0.27305,0.34725,0.03355,0.19465,0.33585,0.06925,0.00225,0.28905,0.28195,0.21115,0.14785,0.00275,0.21505,-0.00275,0.19275,0.22325,0.10005,0.08755,0.00565,0.09535,0.00275,0.07255,0.00665
41.75,0.4033,0.3476,0.4848,0.4512,0.3758,0.1494,0.5275,0.5331,0.4123,0.3003,0.4952,0.4653,0.4072,0.1746,0.5332,0.5158,0.3958,0.2975,0.4829,0.4564,0.3873,0.1373,0.5115,0.5253,0.0775,0.0303,0.1441,0.3485,0.0708,-0.0044,0.311,0.2831,0.0994,0.0278,0.1735,0.3283,0.0614,-0.0026,0.3111,0.2716,0.3499,0.0331,0.1945,0.3357,0.0679,0.0008,0.2877,0.2804,0.2107,0.1465,0.0028,0.215,-0.0028,0.1885,0.2223,0.0994,0.087,0.0064,0.0952,0.003,0.0723,0.0062
42,0.4014,0.3458,0.4843,0.451,0.3757,0.1491,0.528,0.5331,0.4082,0.2987,0.4955,0.4648,0.4056,0.172,0.5336,0.5154,0.3944,0.2961,0.4832,0.4558,0.3872,0.1347,0.5125,0.5248,0.077,0.0305,0.1438,0.3485,0.0715,-0.005,0.312,0.2829,0.099,0.0279,0.1731,0.3279,0.0617,-0.0023,0.3119,0.2715,0.3513,0.033,0.1947,0.3351,0.0688,0.001,0.2882,0.2801,0.2096,0.1453,0.0029,0.214,-0.0029,0.1845,0.2223,0.0994,0.0863,0.0054,0.0931,0.0026,0.0711,0.0053
42.25,0.402,0.3452,0.4842,0.4506,0.3745,0.1489,0.5282,0.5324,0.4096,0.2976,0.4953,0.4646,0.4064,0.17,0.5342,0.5154,0.3939,0.2946,0.4832,0.4552,0.3862,0.1344,0.513,0.5247,0.0763,0.0302,0.1428,0.3474,0.0708,-0.0047,0.31,0.2808,0.0984,0.0275,0.1718,0.3273,0.0606,-0.003,0.3094,0.2702,0.3546,0.033,0.1944,0.3344,0.0672,0.0005,0.2864,0.2782,0.2094,0.1442,0.003,0.2138,-0.003,0.1809,0.2222,0.0993,0.0858,0.0053,0.0931,0.0025,0.0711,0.0051
42.5,0.40195,0.34395,0.48435,0.44985,0.37405,0.14845,0.52825,0.53255,0.40945,0.29595,0.49465,0.46395,0.40615,0.16735,0.53355,0.51575,0.39375,0.29315,0.48285,0.45495,0.38485,0.13405,0.51245,0.52595,0.07555,0.03045,0.14235,0.34685,0.07085,-0.00505,0.30885,0.28075,0.09745,0.02775,0.17155,0.32655,0.06005,-0.00275,0.30745,0.26895,0.35465,0.03305,0.19435,0.33345,0.06665,0.00065,0.28555,0.27615,0.20855,0.14365,0.00305,0.21295,-0.00305,0.17745,0.22185,0.09895,0.08555,0.00535,0.09265,0.00295,0.07105,0.00515