Time,T600,A12,A1,A2,A3,A4,A5,A6,A7,A8,A9,A10,A11,B1,B2,B3,B4,B5,B6,B7,B8,B9,B10,B11,B12,C1,C2,C3,C4,C5,C6,C7,C8,C9,C10,C11,C12,D1,D2,D3,D4,D5,D6,D7,D8,D9,D10,D11,D12,E1,E2,E3,E4,E5,E6,E7,E8,E9,E10,E11,E12,F1,F2,F3,F4,F5,F6,F7,F8,F9,F10,F11,F12,G1,G2,G3,G4,G5,G6,G7,G8,G9,G10,G11,G12,H1,H2,H3,H4,H5,H6,H7,H8,H9,H10,H11,H12
0:01:02,36.3,0.149,0.144,0.158,0.098,0.146,0.149,0.16,0.146,0.145,0.103,0.153,0.147,0.153,0.155,0.147,0.148,0.153,0.151,0.157,0.153,0.145,0.157,0.151,0.149,0.155,0.157,0.155,0.151,0.156,0.152,0.157,0.157,0.147,0.151,0.151,0.15,0.149,0.149,0.154,0.152,0.153,0.144,0.153,0.149,0.163,0.149,0.162,0.149,0.152,0.151,0.152,0.146,0.147,0.153,0.152,0.154,0.147,0.15,0.144,0.153,0.153,0.16,0.156,0.151,0.149,0.158,0.153,0.153,0.15,0.156,0.151,0.14,0.153,0.165,0.163,0.158,0.153,0.149,0.164,0.158,0.155,0.16,0.157,0.147,0.159,0.157,0.16,0.159,0.155,0.163,0.154,0.154,0.157,0.155,0.152,0.157
0:16:02,34.1,0.157,0.152,0.168,0.098,0.153,0.155,0.165,0.152,0.152,0.103,0.159,0.153,0.162,0.163,0.154,0.155,0.159,0.157,0.164,0.16,0.152,0.163,0.16,0.157,0.162,0.162,0.161,0.158,0.162,0.159,0.163,0.162,0.152,0.158,0.158,0.157,0.156,0.155,0.159,0.159,0.158,0.15,0.159,0.154,0.167,0.154,0.167,0.156,0.159,0.158,0.159,0.153,0.153,0.16,0.158,0.16,0.152,0.156,0.15,0.161,0.161,0.166,0.164,0.159,0.156,0.166,0.159,0.16,0.156,0.162,0.158,0.148,0.161,0.173,0.168,0.165,0.161,0.155,0.171,0.165,0.161,0.168,0.164,0.153,0.169,0.166,0.168,0.168,0.164,0.171,0.163,0.163,0.166,0.164,0.161,0.167
0:31:02,33,0.169,0.166,0.181,0.098,0.164,0.166,0.177,0.164,0.164,0.102,0.169,0.165,0.176,0.176,0.166,0.167,0.171,0.169,0.175,0.171,0.163,0.174,0.171,0.168,0.175,0.174,0.173,0.17,0.173,0.171,0.174,0.173,0.163,0.169,0.169,0.169,0.168,0.166,0.17,0.168,0.169,0.161,0.168,0.164,0.175,0.164,0.176,0.167,0.171,0.17,0.171,0.163,0.164,0.171,0.169,0.171,0.161,0.167,0.16,0.172,0.174,0.179,0.175,0.17,0.168,0.177,0.172,0.171,0.166,0.173,0.17,0.159,0.175,0.186,0.181,0.177,0.172,0.166,0.183,0.177,0.172,0.18,0.177,0.164,0.185,0.18,0.183,0.182,0.178,0.185,0.176,0.177,0.179,0.178,0.176,0.181
0:46:02,32.1,0.183,0.182,0.197,0.099,0.179,0.181,0.191,0.179,0.18,0.102,0.183,0.179,0.193,0.192,0.182,0.182,0.186,0.184,0.19,0.186,0.179,0.188,0.185,0.182,0.191,0.19,0.188,0.185,0.187,0.185,0.189,0.189,0.178,0.183,0.183,0.183,0.183,0.181,0.185,0.182,0.181,0.173,0.182,0.178,0.188,0.176,0.189,0.181,0.188,0.186,0.186,0.176,0.178,0.184,0.183,0.185,0.174,0.181,0.173,0.186,0.191,0.195,0.191,0.185,0.182,0.191,0.187,0.186,0.18,0.188,0.184,0.172,0.192,0.204,0.198,0.191,0.187,0.179,0.2,0.193,0.187,0.195,0.192,0.178,0.203,0.198,0.201,0.198,0.194,0.202,0.193,0.192,0.196,0.194,0.191,0.196
1:01:02,31.2,0.196,0.199,0.213,0.099,0.193,0.195,0.205,0.194,0.196,0.102,0.195,0.193,0.209,0.208,0.198,0.196,0.2,0.199,0.206,0.201,0.194,0.202,0.199,0.196,0.209,0.206,0.205,0.199,0.202,0.2,0.205,0.205,0.194,0.198,0.198,0.197,0.199,0.197,0.2,0.196,0.195,0.186,0.197,0.193,0.202,0.189,0.203,0.194,0.205,0.203,0.203,0.19,0.192,0.199,0.2,0.201,0.189,0.195,0.187,0.2,0.208,0.211,0.207,0.2,0.197,0.206,0.204,0.202,0.195,0.202,0.198,0.185,0.211,0.222,0.216,0.207,0.202,0.192,0.217,0.21,0.203,0.21,0.209,0.191,0.22,0.216,0.218,0.213,0.209,0.217,0.209,0.209,0.213,0.209,0.206,0.21
1:16:02,30.5,0.211,0.217,0.231,0.098,0.208,0.21,0.22,0.21,0.213,0.102,0.209,0.207,0.227,0.225,0.215,0.212,0.216,0.215,0.222,0.216,0.21,0.217,0.213,0.21,0.226,0.224,0.223,0.214,0.216,0.215,0.222,0.221,0.211,0.213,0.212,0.212,0.216,0.214,0.216,0.21,0.209,0.2,0.211,0.208,0.217,0.202,0.215,0.207,0.223,0.221,0.221,0.204,0.207,0.214,0.217,0.218,0.204,0.21,0.201,0.214,0.226,0.228,0.225,0.215,0.212,0.221,0.22,0.219,0.21,0.217,0.212,0.198,0.23,0.242,0.234,0.222,0.217,0.208,0.235,0.229,0.221,0.226,0.225,0.204,0.24,0.234,0.237,0.229,0.226,0.234,0.225,0.226,0.229,0.225,0.222,0.225
1:31:02,30,0.226,0.237,0.251,0.098,0.225,0.227,0.237,0.228,0.231,0.103,0.225,0.223,0.245,0.243,0.234,0.229,0.233,0.232,0.238,0.234,0.228,0.233,0.229,0.226,0.245,0.242,0.241,0.231,0.233,0.231,0.238,0.239,0.229,0.229,0.228,0.228,0.234,0.232,0.234,0.226,0.225,0.214,0.227,0.224,0.233,0.217,0.229,0.221,0.242,0.24,0.24,0.22,0.223,0.23,0.234,0.235,0.221,0.225,0.215,0.23,0.245,0.246,0.243,0.231,0.229,0.236,0.237,0.235,0.228,0.232,0.227,0.212,0.251,0.261,0.254,0.239,0.234,0.224,0.256,0.248,0.24,0.242,0.241,0.219,0.259,0.254,0.256,0.245,0.242,0.251,0.243,0.244,0.248,0.24,0.238,0.24
1:46:02,30,0.243,0.261,0.274,0.098,0.244,0.247,0.256,0.249,0.252,0.103,0.241,0.241,0.268,0.264,0.255,0.249,0.253,0.252,0.258,0.255,0.25,0.251,0.246,0.243,0.267,0.264,0.263,0.248,0.251,0.25,0.258,0.26,0.249,0.247,0.246,0.245,0.256,0.253,0.255,0.243,0.241,0.23,0.245,0.243,0.252,0.232,0.245,0.236,0.265,0.264,0.263,0.235,0.24,0.246,0.255,0.256,0.24,0.242,0.231,0.246,0.269,0.269,0.265,0.248,0.246,0.253,0.257,0.255,0.247,0.249,0.244,0.227,0.276,0.286,0.278,0.258,0.252,0.241,0.278,0.27,0.261,0.26,0.26,0.235,0.281,0.277,0.279,0.264,0.26,0.269,0.261,0.262,0.267,0.257,0.255,0.257
2:01:02,30.1,0.263,0.291,0.303,0.098,0.266,0.269,0.277,0.274,0.277,0.103,0.26,0.26,0.297,0.292,0.282,0.27,0.276,0.276,0.282,0.28,0.274,0.27,0.267,0.261,0.294,0.29,0.289,0.268,0.271,0.271,0.282,0.285,0.273,0.268,0.266,0.263,0.282,0.279,0.28,0.261,0.259,0.248,0.267,0.265,0.275,0.248,0.262,0.253,0.294,0.29,0.29,0.254,0.26,0.266,0.279,0.28,0.263,0.26,0.248,0.264,0.296,0.296,0.292,0.267,0.266,0.272,0.281,0.278,0.269,0.267,0.262,0.243,0.308,0.319,0.309,0.278,0.273,0.26,0.305,0.296,0.286,0.28,0.281,0.252,0.31,0.305,0.307,0.286,0.282,0.289,0.283,0.285,0.29,0.275,0.274,0.276
2:16:02,30,0.284,0.324,0.336,0.098,0.291,0.294,0.301,0.303,0.306,0.103,0.28,0.282,0.327,0.323,0.313,0.295,0.302,0.301,0.309,0.306,0.3,0.293,0.289,0.284,0.326,0.321,0.32,0.291,0.294,0.293,0.311,0.314,0.301,0.291,0.288,0.285,0.312,0.31,0.309,0.282,0.28,0.267,0.291,0.29,0.3,0.266,0.281,0.271,0.326,0.323,0.322,0.273,0.281,0.287,0.308,0.31,0.289,0.28,0.267,0.284,0.328,0.328,0.323,0.289,0.288,0.293,0.308,0.304,0.294,0.286,0.28,0.26,0.341,0.351,0.343,0.302,0.294,0.282,0.335,0.324,0.313,0.303,0.303,0.271,0.344,0.338,0.341,0.309,0.305,0.314,0.311,0.313,0.319,0.297,0.295,0.296
2:31:02,30,0.307,0.362,0.374,0.098,0.318,0.323,0.329,0.334,0.338,0.103,0.302,0.304,0.364,0.359,0.35,0.323,0.331,0.331,0.339,0.337,0.331,0.318,0.315,0.307,0.362,0.358,0.357,0.316,0.319,0.318,0.342,0.346,0.331,0.315,0.312,0.308,0.347,0.346,0.343,0.305,0.302,0.29,0.319,0.318,0.329,0.286,0.302,0.291,0.362,0.361,0.359,0.296,0.304,0.311,0.34,0.339,0.318,0.302,0.287,0.306,0.365,0.364,0.359,0.314,0.311,0.318,0.339,0.333,0.323,0.308,0.303,0.279,0.378,0.388,0.379,0.329,0.321,0.308,0.37,0.358,0.344,0.329,0.329,0.291,0.378,0.373,0.377,0.337,0.334,0.343,0.341,0.343,0.351,0.321,0.319,0.321
2:46:02,30,0.33,0.405,0.415,0.098,0.344,0.351,0.356,0.368,0.374,0.103,0.324,0.329,0.404,0.397,0.387,0.351,0.357,0.358,0.374,0.371,0.364,0.344,0.341,0.333,0.401,0.395,0.394,0.342,0.345,0.346,0.378,0.379,0.365,0.339,0.336,0.329,0.383,0.382,0.378,0.33,0.327,0.312,0.351,0.351,0.36,0.307,0.322,0.312,0.401,0.4,0.398,0.321,0.331,0.337,0.374,0.373,0.35,0.327,0.308,0.329,0.404,0.402,0.395,0.34,0.339,0.344,0.373,0.367,0.354,0.332,0.325,0.299,0.42,0.43,0.419,0.357,0.345,0.33,0.405,0.391,0.377,0.353,0.353,0.313,0.421,0.415,0.417,0.363,0.359,0.368,0.374,0.374,0.384,0.348,0.346,0.345
3:01:02,30,0.353,0.456,0.466,0.098,0.365,0.373,0.379,0.408,0.414,0.103,0.346,0.351,0.453,0.443,0.432,0.377,0.388,0.389,0.41,0.407,0.401,0.372,0.367,0.358,0.451,0.442,0.44,0.361,0.364,0.365,0.416,0.418,0.402,0.36,0.358,0.35,0.429,0.428,0.421,0.35,0.346,0.332,0.385,0.385,0.395,0.327,0.344,0.333,0.45,0.449,0.446,0.342,0.354,0.361,0.411,0.41,0.384,0.348,0.329,0.35,0.451,0.469,0.437,0.365,0.364,0.367,0.41,0.4,0.388,0.358,0.348,0.321,0.468,0.477,0.466,0.381,0.371,0.356,0.446,0.43,0.414,0.381,0.38,0.33,0.474,0.467,0.47,0.387,0.384,0.394,0.412,0.412,0.423,0.37,0.368,0.369
3:16:02,30,0.365,0.507,0.517,0.098,0.382,0.391,0.398,0.452,0.459,0.103,0.362,0.365,0.501,0.495,0.484,0.396,0.409,0.41,0.451,0.447,0.44,0.389,0.385,0.376,0.498,0.489,0.488,0.38,0.382,0.381,0.459,0.458,0.445,0.374,0.37,0.359,0.473,0.474,0.468,0.368,0.364,0.347,0.421,0.421,0.432,0.339,0.358,0.347,0.498,0.498,0.493,0.364,0.378,0.385,0.456,0.45,0.422,0.369,0.349,0.371,0.497,0.494,0.484,0.39,0.39,0.394,0.449,0.439,0.424,0.38,0.372,0.339,0.519,0.527,0.515,0.401,0.39,0.377,0.492,0.476,0.457,0.403,0.402,0.347,0.53,0.522,0.524,0.406,0.402,0.413,0.457,0.456,0.469,0.388,0.387,0.386
3:31:02,30,0.375,0.563,0.572,0.098,0.392,0.403,0.411,0.498,0.505,0.103,0.37,0.375,0.556,0.55,0.539,0.409,0.424,0.426,0.5,0.495,0.488,0.404,0.4,0.391,0.55,0.54,0.539,0.39,0.393,0.392,0.505,0.504,0.49,0.383,0.381,0.368,0.521,0.525,0.515,0.38,0.376,0.357,0.465,0.465,0.476,0.352,0.369,0.358,0.551,0.551,0.546,0.383,0.397,0.405,0.502,0.495,0.466,0.387,0.365,0.388,0.549,0.546,0.537,0.41,0.411,0.415,0.495,0.484,0.467,0.402,0.393,0.357,0.578,0.583,0.572,0.416,0.404,0.389,0.542,0.524,0.502,0.42,0.417,0.356,0.565,0.562,0.569,0.417,0.415,0.423,0.506,0.505,0.521,0.401,0.398,0.397
3:46:02,30,0.378,0.599,0.613,0.098,0.392,0.403,0.409,0.548,0.556,0.102,0.372,0.379,0.569,0.582,0.576,0.415,0.429,0.43,0.547,0.543,0.535,0.412,0.407,0.4,0.589,0.586,0.587,0.388,0.392,0.391,0.552,0.552,0.538,0.382,0.378,0.365,0.572,0.583,0.572,0.381,0.377,0.357,0.508,0.508,0.518,0.353,0.37,0.357,0.592,0.6,0.597,0.393,0.409,0.417,0.555,0.545,0.512,0.397,0.372,0.394,0.59,0.594,0.583,0.43,0.429,0.43,0.544,0.53,0.512,0.415,0.406,0.366,0.601,0.612,0.605,0.423,0.409,0.396,0.598,0.578,0.552,0.427,0.425,0.357,0.581,0.579,0.585,0.417,0.416,0.424,0.55,0.555,0.567,0.404,0.402,0.401
4:01:02,30,0.365,0.616,0.628,0.098,0.381,0.394,0.404,0.585,0.59,0.102,0.364,0.369,0.586,0.598,0.589,0.406,0.424,0.423,0.581,0.567,0.556,0.406,0.4,0.394,0.601,0.595,0.598,0.378,0.383,0.38,0.579,0.572,0.581,0.374,0.369,0.355,0.582,0.594,0.591,0.374,0.369,0.348,0.553,0.553,0.564,0.349,0.365,0.351,0.607,0.615,0.611,0.395,0.412,0.419,0.595,0.58,0.565,0.395,0.369,0.389,0.607,0.607,0.599,0.43,0.431,0.433,0.592,0.584,0.562,0.42,0.411,0.367,0.62,0.632,0.623,0.416,0.405,0.389,0.614,0.599,0.586,0.422,0.42,0.348,0.599,0.598,0.604,0.409,0.408,0.415,0.559,0.562,0.575,0.396,0.395,0.393
4:16:02,30,0.354,0.64,0.651,0.098,0.368,0.383,0.392,0.603,0.608,0.102,0.35,0.357,0.609,0.621,0.613,0.394,0.409,0.409,0.597,0.584,0.575,0.394,0.388,0.381,0.621,0.612,0.619,0.366,0.37,0.37,0.598,0.591,0.594,0.363,0.356,0.339,0.6,0.615,0.606,0.363,0.359,0.337,0.574,0.578,0.588,0.337,0.352,0.336,0.629,0.637,0.636,0.384,0.401,0.407,0.607,0.596,0.576,0.389,0.359,0.381,0.631,0.633,0.617,0.421,0.426,0.427,0.604,0.591,0.576,0.415,0.406,0.36,0.643,0.658,0.643,0.402,0.391,0.375,0.636,0.616,0.605,0.41,0.406,0.332,0.618,0.619,0.625,0.392,0.393,0.399,0.575,0.578,0.59,0.381,0.377,0.378
4:31:02,30,0.334,0.665,0.676,0.098,0.348,0.361,0.372,0.622,0.628,0.102,0.331,0.336,0.63,0.642,0.634,0.372,0.389,0.39,0.617,0.606,0.597,0.374,0.368,0.363,0.643,0.631,0.64,0.35,0.355,0.354,0.619,0.613,0.614,0.346,0.339,0.322,0.621,0.637,0.626,0.346,0.344,0.321,0.586,0.591,0.602,0.322,0.335,0.318,0.652,0.66,0.66,0.366,0.383,0.39,0.626,0.617,0.594,0.371,0.34,0.36,0.654,0.657,0.638,0.403,0.407,0.41,0.624,0.607,0.593,0.401,0.394,0.343,0.665,0.681,0.665,0.382,0.372,0.357,0.661,0.638,0.628,0.39,0.388,0.312,0.636,0.638,0.644,0.368,0.369,0.374,0.594,0.597,0.609,0.359,0.357,0.357
4:46:02,30,0.31,0.688,0.698,0.098,0.325,0.337,0.348,0.642,0.649,0.102,0.308,0.314,0.649,0.662,0.654,0.348,0.365,0.368,0.638,0.627,0.618,0.353,0.343,0.343,0.664,0.65,0.661,0.332,0.34,0.338,0.64,0.634,0.636,0.33,0.321,0.307,0.639,0.658,0.646,0.33,0.328,0.305,0.604,0.607,0.618,0.305,0.316,0.301,0.672,0.684,0.682,0.338,0.354,0.362,0.647,0.637,0.615,0.346,0.315,0.334,0.675,0.678,0.657,0.378,0.384,0.389,0.648,0.626,0.614,0.378,0.37,0.317,0.684,0.703,0.686,0.358,0.35,0.334,0.685,0.66,0.651,0.364,0.363,0.29,0.651,0.652,0.66,0.337,0.341,0.347,0.61,0.615,0.627,0.334,0.332,0.332
5:01:02,30,0.283,0.709,0.719,0.098,0.299,0.309,0.323,0.662,0.667,0.102,0.284,0.29,0.666,0.679,0.673,0.321,0.339,0.343,0.657,0.646,0.637,0.328,0.318,0.313,0.682,0.667,0.681,0.318,0.326,0.322,0.66,0.654,0.658,0.313,0.306,0.291,0.656,0.677,0.662,0.313,0.311,0.291,0.62,0.625,0.636,0.29,0.301,0.283,0.689,0.704,0.702,0.309,0.325,0.331,0.665,0.656,0.633,0.318,0.287,0.306,0.695,0.698,0.675,0.347,0.355,0.358,0.669,0.646,0.633,0.349,0.342,0.29,0.702,0.722,0.704,0.33,0.324,0.31,0.707,0.679,0.672,0.338,0.335,0.264,0.668,0.668,0.676,0.306,0.312,0.318,0.627,0.631,0.642,0.306,0.304,0.305
5:16:02,30,0.26,0.731,0.741,0.098,0.272,0.281,0.297,0.681,0.686,0.102,0.261,0.265,0.689,0.702,0.694,0.293,0.311,0.312,0.679,0.668,0.659,0.299,0.292,0.292,0.704,0.684,0.703,0.304,0.308,0.309,0.684,0.677,0.681,0.298,0.29,0.276,0.673,0.699,0.681,0.3,0.298,0.278,0.64,0.644,0.656,0.274,0.284,0.269,0.71,0.724,0.724,0.283,0.295,0.304,0.685,0.675,0.653,0.292,0.263,0.28,0.714,0.719,0.692,0.317,0.326,0.327,0.693,0.664,0.651,0.319,0.313,0.265,0.723,0.743,0.724,0.299,0.293,0.283,0.729,0.697,0.695,0.306,0.305,0.24,0.686,0.688,0.696,0.277,0.284,0.289,0.643,0.649,0.659,0.279,0.278,0.279
5:31:02,30.1,0.24,0.753,0.763,0.097,0.25,0.258,0.274,0.7,0.704,0.102,0.242,0.243,0.709,0.725,0.716,0.269,0.287,0.287,0.7,0.689,0.68,0.275,0.27,0.269,0.726,0.701,0.724,0.291,0.296,0.296,0.705,0.698,0.702,0.285,0.277,0.264,0.69,0.72,0.697,0.287,0.286,0.265,0.656,0.662,0.672,0.26,0.271,0.256,0.728,0.743,0.743,0.262,0.273,0.279,0.701,0.691,0.671,0.27,0.243,0.259,0.733,0.738,0.707,0.292,0.3,0.304,0.713,0.681,0.668,0.293,0.286,0.245,0.742,0.764,0.743,0.272,0.268,0.258,0.751,0.716,0.716,0.279,0.276,0.22,0.704,0.708,0.715,0.254,0.259,0.265,0.659,0.665,0.675,0.256,0.254,0.257
5:46:02,30,0.224,0.761,0.786,0.097,0.233,0.238,0.254,0.718,0.721,0.102,0.227,0.228,0.723,0.746,0.739,0.25,0.268,0.268,0.721,0.711,0.702,0.256,0.252,0.249,0.748,0.718,0.746,0.281,0.286,0.286,0.726,0.72,0.724,0.275,0.267,0.254,0.707,0.743,0.714,0.278,0.275,0.255,0.672,0.678,0.688,0.249,0.26,0.246,0.747,0.765,0.763,0.245,0.256,0.262,0.717,0.708,0.688,0.252,0.228,0.243,0.754,0.759,0.725,0.274,0.279,0.283,0.73,0.696,0.684,0.272,0.267,0.228,0.753,0.772,0.762,0.252,0.247,0.238,0.772,0.732,0.736,0.257,0.254,0.203,0.723,0.729,0.736,0.235,0.239,0.246,0.677,0.683,0.692,0.237,0.236,0.238
6:01:02,30,0.212,0.767,0.779,0.097,0.218,0.225,0.24,0.734,0.736,0.102,0.215,0.214,0.72,0.75,0.745,0.234,0.251,0.251,0.741,0.731,0.723,0.242,0.236,0.235,0.757,0.734,0.768,0.271,0.277,0.276,0.746,0.74,0.744,0.265,0.259,0.246,0.724,0.754,0.73,0.268,0.266,0.247,0.688,0.692,0.702,0.24,0.251,0.236,0.749,0.759,0.761,0.231,0.242,0.247,0.733,0.724,0.703,0.238,0.216,0.231,0.751,0.758,0.742,0.257,0.264,0.268,0.747,0.71,0.699,0.256,0.252,0.216,0.746,0.769,0.757,0.235,0.229,0.221,0.785,0.749,0.75,0.239,0.236,0.191,0.741,0.744,0.746,0.221,0.225,0.231,0.692,0.699,0.708,0.222,0.221,0.224
6:16:02,30.1,0.202,0.769,0.78,0.097,0.206,0.212,0.227,0.754,0.756,0.102,0.204,0.203,0.719,0.746,0.742,0.222,0.238,0.238,0.764,0.741,0.73,0.229,0.224,0.222,0.754,0.753,0.761,0.264,0.271,0.269,0.756,0.743,0.765,0.258,0.252,0.239,0.729,0.75,0.746,0.262,0.259,0.239,0.704,0.71,0.721,0.232,0.243,0.23,0.745,0.756,0.759,0.222,0.231,0.236,0.75,0.741,0.722,0.227,0.207,0.221,0.75,0.759,0.742,0.246,0.25,0.255,0.768,0.727,0.717,0.243,0.239,0.206,0.745,0.769,0.753,0.221,0.217,0.208,0.785,0.759,0.751,0.225,0.222,0.181,0.738,0.74,0.746,0.209,0.212,0.22,0.71,0.717,0.725,0.211,0.21,0.212
6:31:02,30,0.194,0.769,0.78,0.097,0.198,0.202,0.217,0.752,0.758,0.102,0.197,0.195,0.719,0.745,0.74,0.212,0.227,0.228,0.759,0.74,0.73,0.217,0.214,0.212,0.751,0.749,0.759,0.258,0.265,0.264,0.753,0.742,0.761,0.251,0.245,0.235,0.725,0.749,0.74,0.255,0.253,0.234,0.72,0.725,0.737,0.226,0.238,0.225,0.742,0.754,0.758,0.214,0.221,0.227,0.751,0.736,0.724,0.219,0.2,0.213,0.75,0.759,0.739,0.235,0.24,0.244,0.77,0.741,0.733,0.233,0.229,0.198,0.741,0.768,0.751,0.21,0.205,0.199,0.784,0.756,0.75,0.214,0.211,0.174,0.734,0.737,0.742,0.201,0.203,0.21,0.726,0.732,0.741,0.201,0.2,0.203
6:46:02,30.1,0.188,0.768,0.779,0.104,0.19,0.195,0.21,0.75,0.757,0.102,0.191,0.188,0.718,0.744,0.739,0.204,0.218,0.219,0.758,0.741,0.73,0.21,0.207,0.205,0.749,0.745,0.759,0.254,0.261,0.258,0.752,0.742,0.762,0.247,0.24,0.229,0.723,0.748,0.737,0.25,0.248,0.228,0.733,0.741,0.75,0.221,0.232,0.219,0.741,0.753,0.756,0.207,0.214,0.22,0.747,0.734,0.722,0.212,0.193,0.206,0.748,0.759,0.738,0.228,0.231,0.236,0.768,0.747,0.732,0.225,0.22,0.192,0.74,0.767,0.75,0.203,0.197,0.189,0.783,0.755,0.75,0.204,0.202,0.168,0.732,0.737,0.74,0.193,0.195,0.202,0.718,0.723,0.738,0.194,0.193,0.195
7:01:02,30,0.183,0.768,0.777,0.096,0.184,0.189,0.204,0.75,0.756,0.102,0.185,0.182,0.718,0.743,0.739,0.198,0.212,0.212,0.758,0.741,0.731,0.203,0.2,0.199,0.749,0.743,0.757,0.25,0.257,0.255,0.752,0.743,0.761,0.242,0.237,0.226,0.722,0.747,0.736,0.248,0.244,0.226,0.728,0.738,0.746,0.217,0.23,0.216,0.74,0.752,0.756,0.201,0.207,0.214,0.744,0.732,0.721,0.205,0.188,0.201,0.747,0.758,0.737,0.221,0.224,0.229,0.766,0.744,0.73,0.218,0.214,0.186,0.739,0.765,0.748,0.196,0.19,0.181,0.783,0.754,0.75,0.197,0.196,0.163,0.731,0.739,0.739,0.187,0.189,0.196,0.716,0.72,0.734,0.188,0.186,0.189
7:16:02,30.1,0.179,0.766,0.775,0.096,0.18,0.184,0.198,0.749,0.755,0.102,0.18,0.178,0.717,0.742,0.737,0.192,0.205,0.206,0.758,0.742,0.733,0.198,0.195,0.193,0.747,0.742,0.757,0.249,0.255,0.253,0.751,0.744,0.762,0.239,0.235,0.224,0.72,0.745,0.735,0.244,0.242,0.223,0.725,0.734,0.743,0.213,0.227,0.213,0.738,0.75,0.754,0.196,0.202,0.208,0.743,0.732,0.721,0.201,0.184,0.196,0.746,0.758,0.735,0.216,0.218,0.223,0.765,0.743,0.73,0.212,0.208,0.182,0.737,0.765,0.747,0.19,0.184,0.173,0.783,0.753,0.751,0.191,0.19,0.16,0.731,0.739,0.739,0.182,0.183,0.19,0.713,0.719,0.731,0.183,0.181,0.183
7:31:02,30,0.176,0.767,0.771,0.096,0.177,0.18,0.194,0.75,0.755,0.102,0.177,0.174,0.717,0.743,0.738,0.188,0.2,0.201,0.758,0.744,0.733,0.192,0.19,0.189,0.746,0.742,0.755,0.247,0.254,0.251,0.752,0.745,0.762,0.237,0.234,0.223,0.719,0.745,0.734,0.243,0.24,0.222,0.723,0.732,0.742,0.212,0.225,0.211,0.738,0.75,0.753,0.193,0.199,0.204,0.741,0.73,0.721,0.196,0.18,0.192,0.745,0.758,0.734,0.211,0.213,0.219,0.765,0.741,0.729,0.207,0.203,0.179,0.737,0.763,0.745,0.185,0.18,0.168,0.784,0.753,0.752,0.186,0.185,0.157,0.731,0.743,0.743,0.178,0.179,0.187,0.714,0.718,0.731,0.178,0.177,0.179
7:46:02,30,0.173,0.764,0.77,0.096,0.174,0.177,0.19,0.748,0.753,0.102,0.174,0.172,0.724,0.742,0.739,0.184,0.197,0.198,0.757,0.745,0.733,0.189,0.186,0.184,0.747,0.74,0.753,0.245,0.253,0.25,0.752,0.747,0.761,0.237,0.233,0.222,0.719,0.746,0.733,0.241,0.238,0.221,0.722,0.729,0.74,0.21,0.223,0.21,0.737,0.752,0.753,0.188,0.195,0.201,0.739,0.73,0.721,0.193,0.177,0.189,0.746,0.759,0.732,0.207,0.21,0.215,0.764,0.739,0.729,0.203,0.199,0.175,0.737,0.764,0.744,0.182,0.176,0.165,0.783,0.752,0.754,0.182,0.181,0.155,0.73,0.743,0.741,0.174,0.176,0.182,0.712,0.717,0.729,0.175,0.174,0.176
8:01:02,30.1,0.171,0.763,0.77,0.096,0.171,0.173,0.187,0.747,0.752,0.102,0.172,0.17,0.72,0.747,0.739,0.181,0.194,0.194,0.756,0.744,0.733,0.186,0.183,0.181,0.752,0.738,0.755,0.246,0.253,0.25,0.753,0.749,0.763,0.236,0.233,0.221,0.719,0.747,0.733,0.241,0.238,0.221,0.72,0.728,0.738,0.208,0.223,0.209,0.743,0.756,0.756,0.185,0.191,0.198,0.739,0.73,0.722,0.189,0.174,0.187,0.748,0.762,0.732,0.203,0.208,0.213,0.763,0.74,0.729,0.2,0.196,0.172,0.742,0.766,0.745,0.179,0.173,0.16,0.781,0.751,0.758,0.179,0.178,0.152,0.73,0.747,0.741,0.172,0.172,0.179,0.71,0.716,0.728,0.172,0.17,0.173
8:16:02,30,0.168,0.766,0.771,0.096,0.168,0.171,0.184,0.747,0.751,0.102,0.169,0.167,0.723,0.746,0.741,0.178,0.192,0.194,0.757,0.744,0.733,0.183,0.181,0.177,0.749,0.736,0.758,0.247,0.254,0.252,0.754,0.749,0.764,0.238,0.234,0.222,0.722,0.749,0.733,0.242,0.239,0.22,0.72,0.727,0.738,0.208,0.223,0.209,0.745,0.756,0.757,0.182,0.189,0.194,0.737,0.729,0.722,0.187,0.171,0.183,0.752,0.762,0.734,0.2,0.207,0.211,0.761,0.739,0.73,0.196,0.193,0.17,0.743,0.769,0.747,0.177,0.171,0.157,0.782,0.752,0.757,0.176,0.175,0.15,0.733,0.746,0.74,0.169,0.17,0.176,0.71,0.716,0.727,0.169,0.167,0.17
8:31:02,30.1,0.167,0.769,0.773,0.096,0.167,0.168,0.182,0.744,0.75,0.102,0.167,0.165,0.724,0.747,0.74,0.176,0.19,0.19,0.757,0.745,0.734,0.181,0.179,0.175,0.749,0.737,0.759,0.25,0.256,0.253,0.753,0.749,0.765,0.24,0.235,0.223,0.721,0.748,0.735,0.243,0.24,0.222,0.72,0.727,0.739,0.207,0.223,0.21,0.744,0.756,0.757,0.181,0.185,0.192,0.735,0.728,0.721,0.184,0.17,0.182,0.756,0.764,0.736,0.198,0.204,0.208,0.762,0.739,0.73,0.194,0.19,0.168,0.743,0.772,0.751,0.174,0.169,0.156,0.783,0.751,0.755,0.173,0.172,0.149,0.733,0.744,0.742,0.166,0.168,0.174,0.709,0.714,0.725,0.167,0.166,0.168
8:46:02,30,0.165,0.769,0.78,0.096,0.164,0.167,0.179,0.741,0.748,0.102,0.166,0.163,0.727,0.748,0.741,0.174,0.188,0.188,0.76,0.747,0.736,0.179,0.177,0.174,0.749,0.74,0.761,0.252,0.258,0.256,0.756,0.75,0.765,0.241,0.236,0.224,0.724,0.75,0.738,0.248,0.242,0.222,0.718,0.73,0.74,0.209,0.223,0.21,0.743,0.756,0.759,0.177,0.183,0.189,0.733,0.73,0.724,0.182,0.168,0.179,0.755,0.768,0.738,0.196,0.203,0.206,0.763,0.739,0.73,0.191,0.188,0.166,0.742,0.773,0.75,0.172,0.167,0.155,0.783,0.75,0.753,0.172,0.171,0.147,0.734,0.741,0.742,0.165,0.167,0.172,0.707,0.714,0.725,0.166,0.164,0.166
9:01:02,30,0.164,0.768,0.779,0.096,0.163,0.165,0.178,0.738,0.744,0.102,0.164,0.161,0.726,0.75,0.743,0.173,0.187,0.186,0.759,0.746,0.735,0.177,0.175,0.172,0.75,0.737,0.762,0.254,0.26,0.258,0.755,0.75,0.764,0.243,0.24,0.227,0.719,0.749,0.739,0.248,0.243,0.225,0.717,0.728,0.739,0.209,0.224,0.211,0.742,0.757,0.762,0.175,0.181,0.188,0.735,0.729,0.723,0.181,0.166,0.178,0.758,0.77,0.741,0.194,0.2,0.205,0.762,0.738,0.728,0.19,0.186,0.164,0.741,0.775,0.752,0.17,0.165,0.153,0.783,0.748,0.753,0.17,0.169,0.146,0.733,0.74,0.74,0.163,0.165,0.17,0.707,0.716,0.723,0.163,0.162,0.164
9:16:02,30.1,0.162,0.771,0.781,0.096,0.161,0.163,0.176,0.74,0.744,0.102,0.163,0.16,0.728,0.752,0.746,0.172,0.186,0.179,0.766,0.748,0.738,0.176,0.174,0.171,0.753,0.74,0.763,0.255,0.259,0.258,0.758,0.752,0.765,0.247,0.242,0.229,0.723,0.751,0.74,0.251,0.246,0.227,0.715,0.727,0.739,0.21,0.225,0.212,0.747,0.757,0.763,0.173,0.179,0.186,0.734,0.733,0.722,0.179,0.165,0.175,0.754,0.77,0.739,0.194,0.197,0.203,0.763,0.737,0.728,0.188,0.184,0.162,0.744,0.772,0.751,0.168,0.163,0.151,0.784,0.748,0.753,0.168,0.167,0.145,0.732,0.74,0.741,0.162,0.165,0.17,0.708,0.716,0.723,0.162,0.161,0.163
9:31:02,30,0.161,0.772,0.78,0.096,0.16,0.162,0.174,0.74,0.744,0.101,0.162,0.159,0.728,0.754,0.748,0.17,0.184,0.174,0.768,0.748,0.738,0.175,0.173,0.17,0.756,0.738,0.764,0.254,0.259,0.259,0.761,0.752,0.764,0.251,0.247,0.232,0.724,0.753,0.739,0.252,0.249,0.23,0.716,0.728,0.738,0.211,0.227,0.214,0.749,0.759,0.764,0.171,0.178,0.184,0.736,0.735,0.721,0.178,0.163,0.174,0.754,0.768,0.74,0.193,0.194,0.201,0.764,0.735,0.728,0.186,0.183,0.161,0.748,0.771,0.752,0.168,0.162,0.149,0.784,0.747,0.753,0.167,0.166,0.144,0.732,0.739,0.741,0.161,0.163,0.169,0.708,0.716,0.723,0.161,0.16,0.162
9:46:02,30,0.159,0.77,0.782,0.096,0.158,0.16,0.172,0.741,0.744,0.102,0.161,0.157,0.727,0.754,0.749,0.169,0.183,0.171,0.768,0.749,0.738,0.173,0.172,0.169,0.757,0.738,0.764,0.255,0.26,0.259,0.763,0.752,0.765,0.255,0.25,0.235,0.724,0.754,0.738,0.252,0.251,0.234,0.717,0.728,0.738,0.212,0.229,0.216,0.748,0.76,0.764,0.17,0.176,0.182,0.737,0.734,0.719,0.176,0.162,0.172,0.754,0.767,0.739,0.191,0.191,0.198,0.765,0.735,0.727,0.184,0.181,0.161,0.747,0.77,0.752,0.166,0.16,0.148,0.784,0.747,0.751,0.165,0.164,0.143,0.732,0.739,0.74,0.16,0.163,0.167,0.709,0.716,0.725,0.16,0.159,0.161
10:01:02,30.1,0.158,0.771,0.782,0.097,0.157,0.159,0.172,0.741,0.745,0.102,0.16,0.157,0.727,0.755,0.75,0.169,0.178,0.169,0.768,0.749,0.738,0.173,0.171,0.167,0.759,0.739,0.768,0.255,0.262,0.26,0.764,0.751,0.766,0.259,0.256,0.239,0.725,0.756,0.738,0.252,0.25,0.238,0.721,0.73,0.738,0.215,0.232,0.218,0.75,0.761,0.766,0.167,0.175,0.181,0.737,0.732,0.718,0.175,0.161,0.172,0.755,0.768,0.74,0.19,0.189,0.196,0.765,0.735,0.727,0.184,0.18,0.16,0.748,0.774,0.755,0.165,0.159,0.148,0.783,0.748,0.75,0.165,0.163,0.142,0.732,0.738,0.74,0.159,0.161,0.166,0.709,0.715,0.725,0.159,0.157,0.16
10:16:02,30.1,0.158,0.772,0.784,0.096,0.156,0.158,0.17,0.741,0.744,0.101,0.159,0.156,0.728,0.754,0.749,0.168,0.173,0.166,0.767,0.749,0.739,0.172,0.17,0.167,0.76,0.74,0.769,0.258,0.264,0.262,0.763,0.751,0.767,0.264,0.261,0.244,0.725,0.757,0.739,0.252,0.25,0.242,0.721,0.731,0.738,0.217,0.235,0.221,0.749,0.761,0.766,0.166,0.174,0.179,0.737,0.73,0.718,0.175,0.16,0.171,0.756,0.769,0.74,0.188,0.186,0.194,0.767,0.735,0.725,0.183,0.179,0.158,0.748,0.775,0.754,0.164,0.158,0.147,0.786,0.749,0.749,0.164,0.162,0.141,0.731,0.739,0.739,0.158,0.159,0.165,0.709,0.716,0.726,0.159,0.156,0.159
10:31:02,30,0.156,0.771,0.784,0.096,0.155,0.157,0.17,0.741,0.744,0.101,0.158,0.155,0.726,0.754,0.749,0.167,0.164,0.165,0.765,0.749,0.739,0.171,0.169,0.166,0.758,0.738,0.768,0.262,0.269,0.267,0.762,0.751,0.767,0.266,0.266,0.25,0.724,0.758,0.737,0.255,0.251,0.245,0.723,0.731,0.738,0.221,0.239,0.224,0.747,0.761,0.766,0.164,0.173,0.178,0.736,0.728,0.717,0.173,0.16,0.17,0.754,0.767,0.738,0.187,0.185,0.191,0.768,0.734,0.725,0.182,0.178,0.157,0.747,0.77,0.754,0.163,0.158,0.146,0.786,0.749,0.749,0.163,0.161,0.141,0.73,0.739,0.739,0.157,0.158,0.164,0.709,0.715,0.726,0.158,0.156,0.159
10:46:02,30,0.156,0.77,0.785,0.096,0.154,0.156,0.169,0.74,0.743,0.101,0.157,0.154,0.724,0.752,0.748,0.163,0.16,0.162,0.763,0.748,0.737,0.171,0.169,0.166,0.758,0.741,0.769,0.266,0.273,0.272,0.761,0.75,0.767,0.269,0.269,0.255,0.725,0.757,0.738,0.258,0.252,0.247,0.723,0.732,0.736,0.223,0.242,0.228,0.746,0.758,0.766,0.162,0.172,0.177,0.738,0.726,0.716,0.173,0.159,0.169,0.755,0.766,0.738,0.185,0.183,0.189,0.768,0.734,0.724,0.181,0.177,0.157,0.746,0.769,0.752,0.162,0.157,0.146,0.785,0.749,0.748,0.162,0.16,0.14,0.73,0.738,0.738,0.156,0.157,0.163,0.709,0.716,0.727,0.157,0.155,0.158
11:01:02,30,0.155,0.774,0.792,0.097,0.154,0.155,0.167,0.745,0.751,0.101,0.157,0.154,0.728,0.755,0.751,0.164,0.159,0.162,0.763,0.746,0.735,0.171,0.169,0.167,0.763,0.743,0.768,0.271,0.278,0.277,0.761,0.749,0.77,0.27,0.27,0.257,0.727,0.758,0.739,0.263,0.254,0.248,0.721,0.728,0.739,0.227,0.246,0.232,0.748,0.757,0.763,0.16,0.172,0.177,0.733,0.728,0.717,0.172,0.158,0.168,0.753,0.763,0.737,0.183,0.18,0.187,0.767,0.737,0.724,0.181,0.177,0.156,0.749,0.768,0.753,0.161,0.156,0.145,0.782,0.75,0.745,0.162,0.16,0.139,0.729,0.737,0.737,0.156,0.157,0.163,0.709,0.715,0.725,0.156,0.155,0.157
11:16:02,30,0.154,0.769,0.784,0.096,0.153,0.154,0.166,0.74,0.745,0.101,0.156,0.152,0.725,0.752,0.747,0.16,0.157,0.16,0.76,0.745,0.734,0.17,0.168,0.165,0.757,0.739,0.768,0.277,0.283,0.282,0.759,0.75,0.766,0.273,0.273,0.26,0.723,0.756,0.737,0.267,0.257,0.251,0.723,0.733,0.739,0.232,0.252,0.236,0.743,0.755,0.763,0.155,0.17,0.175,0.737,0.726,0.714,0.171,0.157,0.167,0.749,0.762,0.736,0.182,0.179,0.185,0.766,0.735,0.723,0.18,0.176,0.155,0.744,0.765,0.753,0.161,0.155,0.144,0.782,0.751,0.746,0.161,0.159,0.138,0.728,0.735,0.737,0.155,0.155,0.163,0.707,0.714,0.726,0.156,0.153,0.157
11:31:02,30,0.154,0.768,0.783,0.096,0.152,0.154,0.166,0.739,0.743,0.101,0.155,0.152,0.724,0.751,0.745,0.159,0.156,0.159,0.761,0.742,0.731,0.17,0.169,0.165,0.756,0.74,0.767,0.282,0.289,0.289,0.76,0.748,0.766,0.276,0.276,0.263,0.721,0.756,0.737,0.272,0.261,0.254,0.724,0.734,0.738,0.236,0.257,0.242,0.742,0.754,0.761,0.155,0.17,0.174,0.738,0.725,0.714,0.17,0.156,0.167,0.748,0.761,0.736,0.18,0.178,0.183,0.765,0.734,0.723,0.18,0.176,0.155,0.743,0.765,0.75,0.16,0.155,0.144,0.781,0.751,0.744,0.16,0.158,0.138,0.727,0.735,0.735,0.155,0.154,0.162,0.707,0.713,0.726,0.155,0.154,0.157
11:46:02,30,0.153,0.77,0.788,0.096,0.152,0.153,0.165,0.739,0.744,0.101,0.155,0.151,0.723,0.752,0.749,0.158,0.155,0.158,0.761,0.74,0.73,0.17,0.169,0.166,0.759,0.74,0.765,0.289,0.296,0.295,0.758,0.747,0.765,0.28,0.279,0.265,0.72,0.753,0.735,0.277,0.265,0.258,0.722,0.735,0.741,0.241,0.262,0.247,0.741,0.752,0.758,0.153,0.17,0.174,0.737,0.726,0.714,0.169,0.155,0.166,0.749,0.758,0.736,0.178,0.175,0.182,0.764,0.735,0.722,0.179,0.176,0.154,0.744,0.761,0.751,0.16,0.154,0.143,0.779,0.75,0.743,0.16,0.158,0.137,0.726,0.733,0.735,0.154,0.154,0.162,0.707,0.713,0.725,0.155,0.153,0.156
12:01:02,30,0.152,0.766,0.786,0.095,0.151,0.152,0.165,0.739,0.742,0.101,0.154,0.151,0.722,0.75,0.747,0.156,0.155,0.158,0.757,0.737,0.727,0.17,0.169,0.165,0.758,0.739,0.765,0.296,0.303,0.302,0.758,0.746,0.764,0.285,0.284,0.268,0.719,0.752,0.733,0.283,0.27,0.263,0.723,0.736,0.741,0.247,0.266,0.252,0.739,0.751,0.756,0.152,0.166,0.173,0.738,0.725,0.712,0.169,0.154,0.166,0.746,0.756,0.735,0.177,0.174,0.181,0.762,0.735,0.722,0.179,0.176,0.154,0.741,0.761,0.748,0.159,0.154,0.143,0.779,0.749,0.743,0.159,0.157,0.136,0.726,0.733,0.734,0.154,0.153,0.161,0.705,0.711,0.726,0.155,0.153,0.156
12:16:02,30,0.152,0.763,0.782,0.097,0.15,0.152,0.163,0.739,0.742,0.101,0.153,0.15,0.718,0.749,0.747,0.154,0.154,0.157,0.756,0.738,0.727,0.17,0.169,0.165,0.757,0.739,0.763,0.303,0.31,0.309,0.756,0.743,0.762,0.292,0.289,0.272,0.717,0.75,0.732,0.289,0.275,0.269,0.721,0.735,0.742,0.251,0.269,0.257,0.738,0.75,0.755,0.151,0.164,0.173,0.738,0.723,0.712,0.169,0.154,0.165,0.745,0.755,0.734,0.177,0.173,0.18,0.761,0.735,0.721,0.179,0.175,0.153,0.74,0.759,0.747,0.158,0.153,0.143,0.777,0.747,0.742,0.158,0.157,0.134,0.725,0.731,0.732,0.153,0.152,0.161,0.705,0.71,0.725,0.155,0.152,0.156
12:31:02,30,0.151,0.762,0.781,0.095,0.149,0.151,0.162,0.737,0.741,0.101,0.153,0.15,0.715,0.747,0.744,0.148,0.153,0.156,0.755,0.736,0.725,0.17,0.169,0.165,0.754,0.738,0.76,0.31,0.318,0.317,0.755,0.741,0.76,0.297,0.295,0.276,0.717,0.749,0.731,0.296,0.28,0.275,0.721,0.733,0.74,0.253,0.272,0.259,0.736,0.748,0.752,0.151,0.164,0.173,0.739,0.722,0.711,0.168,0.154,0.165,0.743,0.753,0.732,0.176,0.172,0.179,0.76,0.734,0.721,0.179,0.176,0.152,0.739,0.757,0.746,0.158,0.151,0.142,0.776,0.746,0.741,0.158,0.156,0.134,0.724,0.731,0.731,0.153,0.151,0.16,0.705,0.71,0.724,0.155,0.153,0.156
12:46:02,30,0.15,0.759,0.779,0.095,0.149,0.15,0.162,0.738,0.74,0.101,0.152,0.149,0.714,0.748,0.744,0.147,0.153,0.156,0.752,0.735,0.725,0.17,0.17,0.166,0.754,0.737,0.76,0.318,0.326,0.325,0.751,0.738,0.758,0.303,0.301,0.28,0.717,0.748,0.73,0.303,0.286,0.281,0.72,0.733,0.739,0.255,0.274,0.262,0.735,0.747,0.749,0.15,0.164,0.172,0.738,0.722,0.71,0.168,0.153,0.164,0.742,0.75,0.733,0.175,0.171,0.178,0.76,0.735,0.72,0.178,0.176,0.152,0.738,0.757,0.745,0.157,0.15,0.141,0.774,0.745,0.74,0.158,0.156,0.132,0.722,0.729,0.73,0.152,0.151,0.16,0.704,0.709,0.723,0.155,0.152,0.155
13:01:02,30,0.15,0.759,0.777,0.097,0.148,0.15,0.161,0.736,0.739,0.101,0.152,0.149,0.713,0.746,0.742,0.146,0.153,0.156,0.752,0.733,0.723,0.171,0.171,0.166,0.752,0.736,0.762,0.326,0.334,0.334,0.749,0.734,0.754,0.31,0.307,0.286,0.716,0.746,0.73,0.31,0.292,0.287,0.718,0.732,0.738,0.257,0.277,0.264,0.734,0.747,0.748,0.149,0.163,0.168,0.737,0.721,0.709,0.167,0.153,0.163,0.74,0.748,0.73,0.174,0.17,0.177,0.759,0.734,0.719,0.179,0.176,0.151,0.737,0.756,0.742,0.158,0.149,0.141,0.771,0.744,0.739,0.158,0.156,0.131,0.72,0.728,0.728,0.152,0.151,0.159,0.703,0.708,0.722,0.154,0.152,0.155
13:16:02,30,0.15,0.758,0.776,0.095,0.148,0.149,0.16,0.736,0.739,0.101,0.152,0.148,0.711,0.743,0.739,0.146,0.152,0.155,0.751,0.733,0.724,0.171,0.171,0.167,0.751,0.735,0.76,0.335,0.343,0.342,0.746,0.735,0.753,0.317,0.314,0.291,0.715,0.745,0.728,0.319,0.299,0.294,0.716,0.73,0.737,0.26,0.281,0.267,0.733,0.746,0.747,0.149,0.162,0.167,0.735,0.72,0.708,0.166,0.152,0.163,0.738,0.748,0.728,0.172,0.169,0.176,0.759,0.734,0.718,0.179,0.177,0.151,0.736,0.754,0.741,0.158,0.148,0.141,0.769,0.742,0.737,0.158,0.155,0.129,0.72,0.726,0.728,0.152,0.151,0.159,0.703,0.708,0.722,0.154,0.152,0.155
13:31:02,30,0.149,0.757,0.773,0.095,0.147,0.149,0.16,0.735,0.739,0.101,0.152,0.148,0.709,0.741,0.737,0.145,0.152,0.155,0.75,0.733,0.723,0.171,0.172,0.168,0.749,0.734,0.758,0.344,0.352,0.352,0.746,0.734,0.749,0.324,0.321,0.298,0.714,0.743,0.727,0.327,0.306,0.302,0.716,0.727,0.735,0.263,0.285,0.27,0.732,0.744,0.746,0.148,0.161,0.166,0.735,0.719,0.708,0.166,0.151,0.162,0.736,0.746,0.727,0.172,0.169,0.175,0.758,0.733,0.718,0.179,0.177,0.15,0.736,0.752,0.74,0.155,0.147,0.14,0.767,0.741,0.735,0.158,0.155,0.128,0.719,0.725,0.726,0.152,0.15,0.159,0.702,0.707,0.721,0.154,0.151,0.156
13:46:02,30,0.149,0.756,0.772,0.095,0.146,0.148,0.159,0.736,0.739,0.1,0.151,0.148,0.708,0.74,0.735,0.145,0.152,0.155,0.75,0.732,0.721,0.172,0.172,0.169,0.748,0.733,0.756,0.353,0.361,0.362,0.746,0.732,0.747,0.332,0.328,0.304,0.716,0.744,0.728,0.335,0.313,0.309,0.713,0.726,0.733,0.268,0.289,0.274,0.733,0.742,0.743,0.148,0.161,0.163,0.733,0.718,0.707,0.165,0.15,0.162,0.736,0.745,0.725,0.17,0.168,0.175,0.756,0.733,0.716,0.18,0.177,0.15,0.733,0.75,0.74,0.154,0.146,0.14,0.766,0.74,0.733,0.157,0.155,0.126,0.717,0.723,0.725,0.151,0.15,0.158,0.702,0.707,0.72,0.154,0.152,0.156
14:01:02,30,0.148,0.758,0.77,0.095,0.146,0.148,0.158,0.731,0.738,0.1,0.151,0.147,0.706,0.737,0.732,0.145,0.152,0.154,0.747,0.731,0.721,0.173,0.173,0.169,0.745,0.733,0.756,0.362,0.371,0.371,0.744,0.73,0.745,0.34,0.336,0.311,0.713,0.742,0.726,0.344,0.321,0.317,0.712,0.723,0.731,0.272,0.295,0.278,0.73,0.741,0.743,0.148,0.16,0.161,0.732,0.718,0.706,0.165,0.15,0.162,0.734,0.742,0.725,0.17,0.167,0.174,0.754,0.732,0.716,0.18,0.178,0.149,0.733,0.749,0.739,0.151,0.144,0.139,0.763,0.74,0.731,0.156,0.154,0.126,0.716,0.722,0.722,0.15,0.149,0.157,0.701,0.705,0.72,0.155,0.152,0.155
14:16:02,30,0.149,0.751,0.77,0.095,0.146,0.148,0.158,0.729,0.738,0.1,0.15,0.147,0.704,0.735,0.73,0.144,0.152,0.154,0.745,0.73,0.719,0.173,0.174,0.171,0.743,0.733,0.754,0.372,0.381,0.38,0.744,0.732,0.745,0.348,0.344,0.318,0.712,0.741,0.725,0.353,0.329,0.326,0.711,0.722,0.729,0.277,0.301,0.284,0.727,0.739,0.742,0.147,0.154,0.16,0.731,0.717,0.706,0.165,0.149,0.161,0.732,0.74,0.724,0.168,0.167,0.174,0.751,0.731,0.716,0.18,0.178,0.15,0.731,0.745,0.738,0.149,0.141,0.139,0.761,0.739,0.729,0.156,0.154,0.125,0.715,0.721,0.722,0.15,0.149,0.157,0.7,0.704,0.719,0.155,0.152,0.156
14:31:02,30,0.149,0.744,0.765,0.095,0.146,0.147,0.157,0.726,0.734,0.101,0.15,0.147,0.7,0.73,0.73,0.144,0.152,0.154,0.744,0.729,0.719,0.174,0.175,0.171,0.742,0.73,0.749,0.379,0.384,0.383,0.741,0.731,0.741,0.357,0.353,0.326,0.711,0.738,0.724,0.362,0.337,0.335,0.71,0.722,0.729,0.282,0.306,0.29,0.725,0.735,0.737,0.147,0.152,0.158,0.73,0.717,0.704,0.163,0.147,0.16,0.729,0.737,0.723,0.166,0.167,0.173,0.75,0.731,0.714,0.18,0.178,0.148,0.727,0.745,0.734,0.147,0.14,0.139,0.758,0.738,0.727,0.155,0.153,0.124,0.715,0.721,0.722,0.149,0.149,0.157,0.698,0.702,0.718,0.155,0.152,0.156
14:46:02,30,0.148,0.744,0.766,0.095,0.145,0.146,0.156,0.727,0.734,0.1,0.15,0.146,0.7,0.731,0.726,0.144,0.153,0.154,0.744,0.727,0.718,0.175,0.176,0.173,0.742,0.73,0.748,0.379,0.385,0.384,0.741,0.729,0.748,0.365,0.361,0.333,0.71,0.738,0.725,0.368,0.346,0.344,0.709,0.72,0.728,0.288,0.313,0.295,0.726,0.737,0.738,0.147,0.151,0.157,0.729,0.716,0.704,0.161,0.147,0.16,0.729,0.737,0.72,0.166,0.167,0.173,0.748,0.729,0.714,0.182,0.178,0.149,0.728,0.742,0.735,0.144,0.139,0.138,0.757,0.737,0.726,0.155,0.154,0.124,0.711,0.718,0.719,0.149,0.149,0.156,0.698,0.703,0.718,0.156,0.153,0.156
15:01:02,30,0.147,0.739,0.768,0.095,0.145,0.146,0.156,0.722,0.734,0.1,0.149,0.146,0.701,0.728,0.722,0.144,0.153,0.154,0.743,0.725,0.716,0.176,0.178,0.175,0.735,0.728,0.742,0.38,0.386,0.386,0.74,0.73,0.747,0.374,0.37,0.341,0.71,0.737,0.723,0.368,0.355,0.353,0.709,0.719,0.727,0.294,0.319,0.301,0.724,0.736,0.736,0.146,0.15,0.155,0.728,0.713,0.702,0.161,0.145,0.159,0.728,0.734,0.719,0.165,0.166,0.173,0.746,0.729,0.713,0.183,0.179,0.148,0.724,0.74,0.734,0.144,0.138,0.138,0.755,0.737,0.724,0.155,0.153,0.124,0.711,0.716,0.717,0.149,0.149,0.156,0.697,0.701,0.716,0.156,0.153,0.157
15:16:02,30,0.147,0.74,0.757,0.095,0.144,0.146,0.155,0.726,0.732,0.1,0.149,0.146,0.7,0.727,0.723,0.144,0.153,0.154,0.741,0.722,0.713,0.177,0.18,0.178,0.733,0.727,0.743,0.382,0.388,0.387,0.741,0.729,0.748,0.384,0.379,0.349,0.71,0.735,0.723,0.369,0.361,0.359,0.707,0.719,0.727,0.3,0.326,0.307,0.724,0.734,0.735,0.147,0.149,0.154,0.726,0.713,0.7,0.161,0.144,0.158,0.726,0.732,0.718,0.163,0.165,0.171,0.743,0.726,0.711,0.184,0.181,0.148,0.724,0.737,0.732,0.142,0.138,0.138,0.753,0.734,0.723,0.154,0.153,0.124,0.71,0.716,0.717,0.149,0.149,0.156,0.697,0.701,0.716,0.156,0.153,0.157
15:31:02,30,0.147,0.74,0.759,0.095,0.144,0.146,0.155,0.719,0.73,0.1,0.149,0.146,0.698,0.724,0.719,0.144,0.153,0.155,0.74,0.722,0.712,0.179,0.182,0.179,0.731,0.726,0.742,0.382,0.389,0.388,0.739,0.728,0.745,0.39,0.389,0.357,0.707,0.734,0.722,0.37,0.361,0.36,0.707,0.718,0.725,0.307,0.334,0.314,0.721,0.732,0.734,0.145,0.147,0.152,0.725,0.71,0.701,0.161,0.144,0.159,0.722,0.731,0.716,0.16,0.165,0.171,0.742,0.727,0.711,0.185,0.181,0.148,0.72,0.737,0.732,0.141,0.137,0.138,0.751,0.734,0.72,0.154,0.153,0.123,0.709,0.712,0.715,0.148,0.148,0.155,0.695,0.699,0.714,0.157,0.153,0.157
15:46:02,30.1,0.147,0.74,0.755,0.095,0.144,0.145,0.153,0.723,0.729,0.1,0.149,0.145,0.701,0.721,0.719,0.144,0.154,0.155,0.74,0.719,0.709,0.181,0.185,0.183,0.73,0.725,0.74,0.382,0.389,0.388,0.739,0.727,0.746,0.39,0.395,0.366,0.708,0.732,0.722,0.371,0.362,0.362,0.706,0.717,0.726,0.314,0.341,0.321,0.72,0.73,0.733,0.145,0.145,0.151,0.724,0.71,0.697,0.161,0.142,0.159,0.722,0.729,0.716,0.159,0.164,0.171,0.742,0.725,0.71,0.186,0.182,0.147,0.72,0.736,0.729,0.141,0.137,0.138,0.75,0.731,0.719,0.154,0.153,0.123,0.707,0.713,0.714,0.148,0.148,0.155,0.695,0.698,0.713,0.157,0.153,0.158
16:01:02,30,0.146,0.737,0.755,0.095,0.144,0.145,0.152,0.722,0.728,0.1,0.148,0.145,0.691,0.721,0.717,0.144,0.154,0.155,0.74,0.72,0.711,0.183,0.188,0.184,0.734,0.725,0.739,0.383,0.389,0.389,0.738,0.727,0.747,0.391,0.394,0.375,0.707,0.732,0.722,0.371,0.362,0.363,0.706,0.718,0.724,0.321,0.348,0.328,0.718,0.73,0.731,0.145,0.145,0.15,0.722,0.708,0.696,0.162,0.142,0.158,0.72,0.727,0.715,0.159,0.164,0.17,0.738,0.724,0.708,0.188,0.184,0.146,0.719,0.735,0.729,0.14,0.136,0.138,0.75,0.729,0.719,0.152,0.152,0.123,0.705,0.711,0.715,0.148,0.149,0.155,0.693,0.697,0.712,0.158,0.155,0.158
16:16:02,30,0.146,0.746,0.764,0.095,0.143,0.144,0.15,0.718,0.726,0.1,0.147,0.145,0.693,0.72,0.718,0.144,0.154,0.156,0.737,0.717,0.707,0.185,0.189,0.186,0.728,0.722,0.739,0.383,0.39,0.389,0.737,0.724,0.745,0.392,0.395,0.379,0.707,0.73,0.72,0.371,0.363,0.365,0.704,0.715,0.722,0.329,0.356,0.337,0.718,0.728,0.729,0.145,0.145,0.151,0.722,0.707,0.695,0.162,0.141,0.157,0.718,0.726,0.714,0.158,0.164,0.169,0.738,0.723,0.707,0.188,0.187,0.146,0.716,0.731,0.727,0.141,0.136,0.137,0.746,0.728,0.717,0.151,0.152,0.123,0.703,0.71,0.711,0.148,0.149,0.153,0.691,0.695,0.711,0.158,0.155,0.159
16:31:02,30,0.146,0.746,0.764,0.095,0.143,0.144,0.148,0.707,0.716,0.1,0.147,0.145,0.698,0.722,0.721,0.145,0.155,0.157,0.734,0.715,0.706,0.189,0.193,0.188,0.727,0.719,0.738,0.382,0.39,0.389,0.735,0.722,0.739,0.393,0.396,0.38,0.703,0.729,0.716,0.371,0.364,0.365,0.704,0.716,0.723,0.337,0.365,0.345,0.714,0.724,0.727,0.144,0.144,0.15,0.721,0.706,0.692,0.162,0.141,0.156,0.715,0.724,0.711,0.158,0.163,0.17,0.734,0.723,0.705,0.19,0.189,0.146,0.714,0.729,0.724,0.14,0.136,0.137,0.745,0.726,0.715,0.15,0.152,0.123,0.702,0.705,0.709,0.147,0.148,0.153,0.689,0.694,0.71,0.158,0.156,0.16
16:46:02,30,0.146,0.75,0.77,0.095,0.143,0.143,0.146,0.709,0.718,0.1,0.146,0.145,0.696,0.721,0.722,0.145,0.155,0.157,0.733,0.713,0.702,0.191,0.196,0.191,0.73,0.72,0.74,0.383,0.39,0.389,0.734,0.722,0.742,0.393,0.397,0.381,0.702,0.727,0.718,0.371,0.363,0.365,0.701,0.714,0.72,0.343,0.373,0.353,0.714,0.725,0.726,0.144,0.143,0.147,0.72,0.704,0.692,0.162,0.14,0.156,0.715,0.726,0.71,0.157,0.163,0.169,0.735,0.722,0.705,0.192,0.191,0.146,0.713,0.729,0.724,0.14,0.135,0.137,0.744,0.724,0.713,0.15,0.152,0.123,0.702,0.706,0.709,0.147,0.148,0.152,0.689,0.693,0.708,0.16,0.157,0.16
17:01:02,30,0.146,0.745,0.76,0.095,0.143,0.142,0.145,0.706,0.712,0.1,0.146,0.145,0.694,0.721,0.722,0.146,0.157,0.158,0.73,0.714,0.702,0.195,0.198,0.195,0.73,0.717,0.74,0.382,0.39,0.389,0.731,0.72,0.738,0.393,0.397,0.381,0.702,0.727,0.715,0.37,0.363,0.367,0.702,0.714,0.721,0.352,0.382,0.361,0.711,0.722,0.721,0.144,0.143,0.147,0.719,0.703,0.69,0.162,0.139,0.156,0.714,0.722,0.708,0.157,0.163,0.169,0.732,0.72,0.702,0.195,0.195,0.145,0.712,0.724,0.723,0.14,0.136,0.137,0.743,0.723,0.713,0.148,0.151,0.123,0.699,0.704,0.706,0.147,0.148,0.153,0.687,0.692,0.707,0.161,0.157,0.162
17:16:02,30,0.146,0.743,0.765,0.095,0.143,0.142,0.144,0.705,0.713,0.1,0.145,0.144,0.696,0.723,0.726,0.146,0.157,0.159,0.731,0.711,0.701,0.198,0.201,0.199,0.733,0.719,0.743,0.382,0.389,0.388,0.733,0.719,0.74,0.393,0.397,0.382,0.701,0.727,0.716,0.37,0.363,0.367,0.7,0.712,0.72,0.36,0.388,0.37,0.711,0.722,0.722,0.143,0.142,0.147,0.718,0.702,0.689,0.162,0.139,0.152,0.714,0.722,0.71,0.156,0.162,0.167,0.733,0.721,0.702,0.197,0.198,0.145,0.711,0.726,0.722,0.14,0.135,0.138,0.742,0.722,0.713,0.147,0.152,0.123,0.699,0.704,0.706,0.147,0.148,0.152,0.686,0.691,0.706,0.161,0.157,0.162
17:31:02,30,0.145,0.742,0.762,0.095,0.141,0.141,0.143,0.704,0.713,0.1,0.144,0.144,0.692,0.723,0.722,0.147,0.159,0.159,0.729,0.711,0.702,0.201,0.205,0.203,0.731,0.717,0.742,0.382,0.389,0.388,0.731,0.719,0.739,0.393,0.397,0.382,0.7,0.725,0.716,0.37,0.362,0.367,0.699,0.711,0.718,0.364,0.387,0.377,0.709,0.72,0.722,0.143,0.142,0.146,0.717,0.701,0.689,0.162,0.136,0.15,0.712,0.72,0.708,0.156,0.162,0.168,0.732,0.719,0.7,0.199,0.201,0.145,0.708,0.726,0.721,0.139,0.135,0.137,0.742,0.72,0.711,0.146,0.151,0.123,0.698,0.705,0.705,0.147,0.147,0.151,0.685,0.689,0.705,0.163,0.158,0.164
17:46:02,30,0.145,0.738,0.763,0.095,0.141,0.139,0.144,0.701,0.708,0.1,0.144,0.144,0.694,0.725,0.722,0.148,0.16,0.161,0.727,0.709,0.699,0.204,0.21,0.208,0.733,0.716,0.74,0.38,0.388,0.388,0.73,0.716,0.736,0.393,0.398,0.383,0.698,0.727,0.712,0.369,0.361,0.367,0.699,0.71,0.718,0.364,0.388,0.378,0.708,0.718,0.717,0.143,0.142,0.148,0.716,0.7,0.686,0.161,0.136,0.151,0.708,0.719,0.705,0.155,0.162,0.168,0.73,0.716,0.697,0.203,0.205,0.145,0.706,0.727,0.718,0.14,0.134,0.138,0.739,0.719,0.71,0.146,0.15,0.122,0.696,0.7,0.702,0.147,0.148,0.152,0.684,0.688,0.705,0.164,0.159,0.165
18:01:02,30,0.145,0.728,0.751,0.095,0.139,0.136,0.143,0.709,0.717,0.1,0.143,0.144,0.69,0.719,0.718,0.149,0.161,0.162,0.728,0.71,0.702,0.209,0.215,0.214,0.733,0.716,0.743,0.38,0.388,0.387,0.73,0.717,0.74,0.393,0.398,0.383,0.698,0.722,0.715,0.368,0.361,0.366,0.699,0.709,0.716,0.364,0.389,0.378,0.706,0.715,0.719,0.143,0.142,0.147,0.716,0.698,0.689,0.162,0.136,0.15,0.709,0.72,0.705,0.155,0.162,0.167,0.73,0.716,0.698,0.206,0.209,0.145,0.707,0.723,0.716,0.14,0.135,0.137,0.74,0.719,0.709,0.144,0.149,0.123,0.696,0.699,0.701,0.147,0.148,0.149,0.684,0.689,0.703,0.165,0.16,0.165
